subject,seed_roi,seed_hemisphere,target_roi,target_hemisphere,task,analysis,mean_activation
sub-spaceloc1001,pIPS,left,pIPS,left,ToolLoc,ppi,-0.010437984693714458
sub-spaceloc1001,pIPS,left,pIPS,right,ToolLoc,ppi,0.0011892400431312486
sub-spaceloc1001,pIPS,left,LO,left,ToolLoc,ppi,-0.010437984693714458
sub-spaceloc1001,pIPS,left,LO,right,ToolLoc,ppi,0.0011892400431312486
sub-spaceloc1001,pIPS,left,PFS,left,ToolLoc,ppi,-0.010437984693714458
sub-spaceloc1001,pIPS,left,PFS,right,ToolLoc,ppi,0.0011892400431312486
sub-spaceloc1001,pIPS,left,aIPS,left,ToolLoc,ppi,-0.010437984693714458
sub-spaceloc1001,pIPS,left,aIPS,right,ToolLoc,ppi,0.0011892400431312486
sub-spaceloc1001,pIPS,right,pIPS,left,ToolLoc,ppi,-0.006763708009953995
sub-spaceloc1001,pIPS,right,pIPS,right,ToolLoc,ppi,-0.010084773892083683
sub-spaceloc1001,pIPS,right,LO,left,ToolLoc,ppi,-0.006763708009953995
sub-spaceloc1001,pIPS,right,LO,right,ToolLoc,ppi,-0.010084773892083683
sub-spaceloc1001,pIPS,right,PFS,left,ToolLoc,ppi,-0.006763708009953995
sub-spaceloc1001,pIPS,right,PFS,right,ToolLoc,ppi,-0.010084773892083683
sub-spaceloc1001,pIPS,right,aIPS,left,ToolLoc,ppi,-0.006763708009953995
sub-spaceloc1001,pIPS,right,aIPS,right,ToolLoc,ppi,-0.010084773892083683
sub-spaceloc1001,LO,left,pIPS,left,ToolLoc,ppi,-0.0031118396304041277
sub-spaceloc1001,LO,left,pIPS,right,ToolLoc,ppi,-0.002328142620220294
sub-spaceloc1001,LO,left,LO,left,ToolLoc,ppi,-0.0031118396304041277
sub-spaceloc1001,LO,left,LO,right,ToolLoc,ppi,-0.002328142620220294
sub-spaceloc1001,LO,left,PFS,left,ToolLoc,ppi,-0.0031118396304041277
sub-spaceloc1001,LO,left,PFS,right,ToolLoc,ppi,-0.002328142620220294
sub-spaceloc1001,LO,left,aIPS,left,ToolLoc,ppi,-0.0031118396304041277
sub-spaceloc1001,LO,left,aIPS,right,ToolLoc,ppi,-0.002328142620220294
sub-spaceloc1001,LO,right,pIPS,left,ToolLoc,ppi,-0.007504478072325838
sub-spaceloc1001,LO,right,pIPS,right,ToolLoc,ppi,-0.0010518283337000263
sub-spaceloc1001,LO,right,LO,left,ToolLoc,ppi,-0.007504478072325838
sub-spaceloc1001,LO,right,LO,right,ToolLoc,ppi,-0.0010518283337000263
sub-spaceloc1001,LO,right,PFS,left,ToolLoc,ppi,-0.007504478072325838
sub-spaceloc1001,LO,right,PFS,right,ToolLoc,ppi,-0.0010518283337000263
sub-spaceloc1001,LO,right,aIPS,left,ToolLoc,ppi,-0.007504478072325838
sub-spaceloc1001,LO,right,aIPS,right,ToolLoc,ppi,-0.0010518283337000263
sub-spaceloc1001,PFS,left,pIPS,left,ToolLoc,ppi,0.0060933757321046346
sub-spaceloc1001,PFS,left,pIPS,right,ToolLoc,ppi,-0.0015035244260533627
sub-spaceloc1001,PFS,left,LO,left,ToolLoc,ppi,0.0060933757321046346
sub-spaceloc1001,PFS,left,LO,right,ToolLoc,ppi,-0.0015035244260533627
sub-spaceloc1001,PFS,left,PFS,left,ToolLoc,ppi,0.0060933757321046346
sub-spaceloc1001,PFS,left,PFS,right,ToolLoc,ppi,-0.0015035244260533627
sub-spaceloc1001,PFS,left,aIPS,left,ToolLoc,ppi,0.0060933757321046346
sub-spaceloc1001,PFS,left,aIPS,right,ToolLoc,ppi,-0.0015035244260533627
sub-spaceloc1001,PFS,right,pIPS,left,ToolLoc,ppi,-0.005058923359423976
sub-spaceloc1001,PFS,right,pIPS,right,ToolLoc,ppi,-0.011129765301434832
sub-spaceloc1001,PFS,right,LO,left,ToolLoc,ppi,-0.005058923359423976
sub-spaceloc1001,PFS,right,LO,right,ToolLoc,ppi,-0.011129765301434832
sub-spaceloc1001,PFS,right,PFS,left,ToolLoc,ppi,-0.005058923359423976
sub-spaceloc1001,PFS,right,PFS,right,ToolLoc,ppi,-0.011129765301434832
sub-spaceloc1001,PFS,right,aIPS,left,ToolLoc,ppi,-0.005058923359423976
sub-spaceloc1001,PFS,right,aIPS,right,ToolLoc,ppi,-0.011129765301434832
sub-spaceloc1001,aIPS,left,pIPS,left,ToolLoc,ppi,-0.00036648056953675497
sub-spaceloc1001,aIPS,left,pIPS,right,ToolLoc,ppi,-0.028748311950415693
sub-spaceloc1001,aIPS,left,LO,left,ToolLoc,ppi,-0.00036648056953675497
sub-spaceloc1001,aIPS,left,LO,right,ToolLoc,ppi,-0.028748311950415693
sub-spaceloc1001,aIPS,left,PFS,left,ToolLoc,ppi,-0.00036648056953675497
sub-spaceloc1001,aIPS,left,PFS,right,ToolLoc,ppi,-0.028748311950415693
sub-spaceloc1001,aIPS,left,aIPS,left,ToolLoc,ppi,-0.00036648056953675497
sub-spaceloc1001,aIPS,left,aIPS,right,ToolLoc,ppi,-0.028748311950415693
sub-spaceloc1001,aIPS,right,pIPS,left,ToolLoc,ppi,0.02752131015733055
sub-spaceloc1001,aIPS,right,pIPS,right,ToolLoc,ppi,0.005789598130675209
sub-spaceloc1001,aIPS,right,LO,left,ToolLoc,ppi,0.02752131015733055
sub-spaceloc1001,aIPS,right,LO,right,ToolLoc,ppi,0.005789598130675209
sub-spaceloc1001,aIPS,right,PFS,left,ToolLoc,ppi,0.02752131015733055
sub-spaceloc1001,aIPS,right,PFS,right,ToolLoc,ppi,0.005789598130675209
sub-spaceloc1001,aIPS,right,aIPS,left,ToolLoc,ppi,0.02752131015733055
sub-spaceloc1001,aIPS,right,aIPS,right,ToolLoc,ppi,0.005789598130675209
sub-spaceloc1002,pIPS,left,pIPS,left,ToolLoc,ppi,0.012852494240455006
sub-spaceloc1002,pIPS,left,pIPS,right,ToolLoc,ppi,0.021010916897196422
sub-spaceloc1002,pIPS,left,LO,left,ToolLoc,ppi,0.012852494240455006
sub-spaceloc1002,pIPS,left,LO,right,ToolLoc,ppi,0.021010916897196422
sub-spaceloc1002,pIPS,left,PFS,left,ToolLoc,ppi,0.012852494240455006
sub-spaceloc1002,pIPS,left,PFS,right,ToolLoc,ppi,0.021010916897196422
sub-spaceloc1002,pIPS,left,aIPS,left,ToolLoc,ppi,0.012852494240455006
sub-spaceloc1002,pIPS,left,aIPS,right,ToolLoc,ppi,0.021010916897196422
sub-spaceloc1002,pIPS,right,pIPS,left,ToolLoc,ppi,0.0037604688478218716
sub-spaceloc1002,pIPS,right,pIPS,right,ToolLoc,ppi,-0.004234267479733791
sub-spaceloc1002,pIPS,right,LO,left,ToolLoc,ppi,0.0037604688478218716
sub-spaceloc1002,pIPS,right,LO,right,ToolLoc,ppi,-0.004234267479733791
sub-spaceloc1002,pIPS,right,PFS,left,ToolLoc,ppi,0.0037604688478218716
sub-spaceloc1002,pIPS,right,PFS,right,ToolLoc,ppi,-0.004234267479733791
sub-spaceloc1002,pIPS,right,aIPS,left,ToolLoc,ppi,0.0037604688478218716
sub-spaceloc1002,pIPS,right,aIPS,right,ToolLoc,ppi,-0.004234267479733791
sub-spaceloc1002,LO,left,pIPS,left,ToolLoc,ppi,-0.002155991530009104
sub-spaceloc1002,LO,left,pIPS,right,ToolLoc,ppi,0.019834244504789367
sub-spaceloc1002,LO,left,LO,left,ToolLoc,ppi,-0.002155991530009104
sub-spaceloc1002,LO,left,LO,right,ToolLoc,ppi,0.019834244504789367
sub-spaceloc1002,LO,left,PFS,left,ToolLoc,ppi,-0.002155991530009104
sub-spaceloc1002,LO,left,PFS,right,ToolLoc,ppi,0.019834244504789367
sub-spaceloc1002,LO,left,aIPS,left,ToolLoc,ppi,-0.002155991530009104
sub-spaceloc1002,LO,left,aIPS,right,ToolLoc,ppi,0.019834244504789367
sub-spaceloc1002,LO,right,pIPS,left,ToolLoc,ppi,-0.010633916530263889
sub-spaceloc1002,LO,right,pIPS,right,ToolLoc,ppi,0.005527290091149311
sub-spaceloc1002,LO,right,LO,left,ToolLoc,ppi,-0.010633916530263889
sub-spaceloc1002,LO,right,LO,right,ToolLoc,ppi,0.005527290091149311
sub-spaceloc1002,LO,right,PFS,left,ToolLoc,ppi,-0.010633916530263889
sub-spaceloc1002,LO,right,PFS,right,ToolLoc,ppi,0.005527290091149311
sub-spaceloc1002,LO,right,aIPS,left,ToolLoc,ppi,-0.010633916530263889
sub-spaceloc1002,LO,right,aIPS,right,ToolLoc,ppi,0.005527290091149311
sub-spaceloc1002,PFS,left,pIPS,left,ToolLoc,ppi,0.005211257437752336
sub-spaceloc1002,PFS,left,pIPS,right,ToolLoc,ppi,-0.0008158663984927857
sub-spaceloc1002,PFS,left,LO,left,ToolLoc,ppi,0.005211257437752336
sub-spaceloc1002,PFS,left,LO,right,ToolLoc,ppi,-0.0008158663984927857
sub-spaceloc1002,PFS,left,PFS,left,ToolLoc,ppi,0.005211257437752336
sub-spaceloc1002,PFS,left,PFS,right,ToolLoc,ppi,-0.0008158663984927857
sub-spaceloc1002,PFS,left,aIPS,left,ToolLoc,ppi,0.005211257437752336
sub-spaceloc1002,PFS,left,aIPS,right,ToolLoc,ppi,-0.0008158663984927857
sub-spaceloc1002,PFS,right,pIPS,left,ToolLoc,ppi,-0.007924496729434136
sub-spaceloc1002,PFS,right,pIPS,right,ToolLoc,ppi,-0.013748915419934995
sub-spaceloc1002,PFS,right,LO,left,ToolLoc,ppi,-0.007924496729434136
sub-spaceloc1002,PFS,right,LO,right,ToolLoc,ppi,-0.013748915419934995
sub-spaceloc1002,PFS,right,PFS,left,ToolLoc,ppi,-0.007924496729434136
sub-spaceloc1002,PFS,right,PFS,right,ToolLoc,ppi,-0.013748915419934995
sub-spaceloc1002,PFS,right,aIPS,left,ToolLoc,ppi,-0.007924496729434136
sub-spaceloc1002,PFS,right,aIPS,right,ToolLoc,ppi,-0.013748915419934995
sub-spaceloc1002,aIPS,left,pIPS,left,ToolLoc,ppi,0.01776150600085411
sub-spaceloc1002,aIPS,left,pIPS,right,ToolLoc,ppi,0.016349369614356967
sub-spaceloc1002,aIPS,left,LO,left,ToolLoc,ppi,0.01776150600085411
sub-spaceloc1002,aIPS,left,LO,right,ToolLoc,ppi,0.016349369614356967
sub-spaceloc1002,aIPS,left,PFS,left,ToolLoc,ppi,0.01776150600085411
sub-spaceloc1002,aIPS,left,PFS,right,ToolLoc,ppi,0.016349369614356967
sub-spaceloc1002,aIPS,left,aIPS,left,ToolLoc,ppi,0.01776150600085411
sub-spaceloc1002,aIPS,left,aIPS,right,ToolLoc,ppi,0.016349369614356967
sub-spaceloc1002,aIPS,right,pIPS,left,ToolLoc,ppi,0.013049557241675265
sub-spaceloc1002,aIPS,right,pIPS,right,ToolLoc,ppi,0.015609045858205906
sub-spaceloc1002,aIPS,right,LO,left,ToolLoc,ppi,0.013049557241675265
sub-spaceloc1002,aIPS,right,LO,right,ToolLoc,ppi,0.015609045858205906
sub-spaceloc1002,aIPS,right,PFS,left,ToolLoc,ppi,0.013049557241675265
sub-spaceloc1002,aIPS,right,PFS,right,ToolLoc,ppi,0.015609045858205906
sub-spaceloc1002,aIPS,right,aIPS,left,ToolLoc,ppi,0.013049557241675265
sub-spaceloc1002,aIPS,right,aIPS,right,ToolLoc,ppi,0.015609045858205906
sub-spaceloc1003,pIPS,left,pIPS,left,ToolLoc,ppi,0.01718083413902407
sub-spaceloc1003,pIPS,left,pIPS,right,ToolLoc,ppi,-0.0017728734219253802
sub-spaceloc1003,pIPS,left,LO,left,ToolLoc,ppi,0.01718083413902407
sub-spaceloc1003,pIPS,left,LO,right,ToolLoc,ppi,-0.0017728734219253802
sub-spaceloc1003,pIPS,left,PFS,left,ToolLoc,ppi,0.01718083413902407
sub-spaceloc1003,pIPS,left,PFS,right,ToolLoc,ppi,-0.0017728734219253802
sub-spaceloc1003,pIPS,left,aIPS,left,ToolLoc,ppi,0.01718083413902407
sub-spaceloc1003,pIPS,left,aIPS,right,ToolLoc,ppi,-0.0017728734219253802
sub-spaceloc1003,pIPS,right,pIPS,left,ToolLoc,ppi,5.1874769649103935e-05
sub-spaceloc1003,pIPS,right,pIPS,right,ToolLoc,ppi,-0.007702153238472067
sub-spaceloc1003,pIPS,right,LO,left,ToolLoc,ppi,5.1874769649103935e-05
sub-spaceloc1003,pIPS,right,LO,right,ToolLoc,ppi,-0.007702153238472067
sub-spaceloc1003,pIPS,right,PFS,left,ToolLoc,ppi,5.1874769649103935e-05
sub-spaceloc1003,pIPS,right,PFS,right,ToolLoc,ppi,-0.007702153238472067
sub-spaceloc1003,pIPS,right,aIPS,left,ToolLoc,ppi,5.1874769649103935e-05
sub-spaceloc1003,pIPS,right,aIPS,right,ToolLoc,ppi,-0.007702153238472067
sub-spaceloc1003,LO,left,pIPS,left,ToolLoc,ppi,0.003327599221640348
sub-spaceloc1003,LO,left,pIPS,right,ToolLoc,ppi,-0.012501956803303838
sub-spaceloc1003,LO,left,LO,left,ToolLoc,ppi,0.003327599221640348
sub-spaceloc1003,LO,left,LO,right,ToolLoc,ppi,-0.012501956803303838
sub-spaceloc1003,LO,left,PFS,left,ToolLoc,ppi,0.003327599221640348
sub-spaceloc1003,LO,left,PFS,right,ToolLoc,ppi,-0.012501956803303838
sub-spaceloc1003,LO,left,aIPS,left,ToolLoc,ppi,0.003327599221640348
sub-spaceloc1003,LO,left,aIPS,right,ToolLoc,ppi,-0.012501956803303838
sub-spaceloc1003,LO,right,pIPS,left,ToolLoc,ppi,0.009481781393620431
sub-spaceloc1003,LO,right,pIPS,right,ToolLoc,ppi,-0.014158345435424585
sub-spaceloc1003,LO,right,LO,left,ToolLoc,ppi,0.009481781393620431
sub-spaceloc1003,LO,right,LO,right,ToolLoc,ppi,-0.014158345435424585
sub-spaceloc1003,LO,right,PFS,left,ToolLoc,ppi,0.009481781393620431
sub-spaceloc1003,LO,right,PFS,right,ToolLoc,ppi,-0.014158345435424585
sub-spaceloc1003,LO,right,aIPS,left,ToolLoc,ppi,0.009481781393620431
sub-spaceloc1003,LO,right,aIPS,right,ToolLoc,ppi,-0.014158345435424585
sub-spaceloc1003,PFS,left,pIPS,left,ToolLoc,ppi,-0.008896567957110944
sub-spaceloc1003,PFS,left,pIPS,right,ToolLoc,ppi,-0.00490889406752434
sub-spaceloc1003,PFS,left,LO,left,ToolLoc,ppi,-0.008896567957110944
sub-spaceloc1003,PFS,left,LO,right,ToolLoc,ppi,-0.00490889406752434
sub-spaceloc1003,PFS,left,PFS,left,ToolLoc,ppi,-0.008896567957110944
sub-spaceloc1003,PFS,left,PFS,right,ToolLoc,ppi,-0.00490889406752434
sub-spaceloc1003,PFS,left,aIPS,left,ToolLoc,ppi,-0.008896567957110944
sub-spaceloc1003,PFS,left,aIPS,right,ToolLoc,ppi,-0.00490889406752434
sub-spaceloc1003,PFS,right,pIPS,left,ToolLoc,ppi,-0.0029514080493494737
sub-spaceloc1003,PFS,right,pIPS,right,ToolLoc,ppi,-0.004822805729649686
sub-spaceloc1003,PFS,right,LO,left,ToolLoc,ppi,-0.0029514080493494737
sub-spaceloc1003,PFS,right,LO,right,ToolLoc,ppi,-0.004822805729649686
sub-spaceloc1003,PFS,right,PFS,left,ToolLoc,ppi,-0.0029514080493494737
sub-spaceloc1003,PFS,right,PFS,right,ToolLoc,ppi,-0.004822805729649686
sub-spaceloc1003,PFS,right,aIPS,left,ToolLoc,ppi,-0.0029514080493494737
sub-spaceloc1003,PFS,right,aIPS,right,ToolLoc,ppi,-0.004822805729649686
sub-spaceloc1003,aIPS,left,pIPS,left,ToolLoc,ppi,-0.010374103357733458
sub-spaceloc1003,aIPS,left,pIPS,right,ToolLoc,ppi,-0.013282100869062185
sub-spaceloc1003,aIPS,left,LO,left,ToolLoc,ppi,-0.010374103357733458
sub-spaceloc1003,aIPS,left,LO,right,ToolLoc,ppi,-0.013282100869062185
sub-spaceloc1003,aIPS,left,PFS,left,ToolLoc,ppi,-0.010374103357733458
sub-spaceloc1003,aIPS,left,PFS,right,ToolLoc,ppi,-0.013282100869062185
sub-spaceloc1003,aIPS,left,aIPS,left,ToolLoc,ppi,-0.010374103357733458
sub-spaceloc1003,aIPS,left,aIPS,right,ToolLoc,ppi,-0.013282100869062185
sub-spaceloc1003,aIPS,right,pIPS,left,ToolLoc,ppi,-0.00706356268273581
sub-spaceloc1003,aIPS,right,pIPS,right,ToolLoc,ppi,-0.01409490797282317
sub-spaceloc1003,aIPS,right,LO,left,ToolLoc,ppi,-0.00706356268273581
sub-spaceloc1003,aIPS,right,LO,right,ToolLoc,ppi,-0.01409490797282317
sub-spaceloc1003,aIPS,right,PFS,left,ToolLoc,ppi,-0.00706356268273581
sub-spaceloc1003,aIPS,right,PFS,right,ToolLoc,ppi,-0.01409490797282317
sub-spaceloc1003,aIPS,right,aIPS,left,ToolLoc,ppi,-0.00706356268273581
sub-spaceloc1003,aIPS,right,aIPS,right,ToolLoc,ppi,-0.01409490797282317
sub-spaceloc1004,pIPS,left,pIPS,left,ToolLoc,ppi,0.042439267888624704
sub-spaceloc1004,pIPS,left,pIPS,right,ToolLoc,ppi,0.06205640220175589
sub-spaceloc1004,pIPS,left,LO,left,ToolLoc,ppi,0.042439267888624704
sub-spaceloc1004,pIPS,left,LO,right,ToolLoc,ppi,0.06205640220175589
sub-spaceloc1004,pIPS,left,PFS,left,ToolLoc,ppi,0.042439267888624704
sub-spaceloc1004,pIPS,left,PFS,right,ToolLoc,ppi,0.06205640220175589
sub-spaceloc1004,pIPS,left,aIPS,left,ToolLoc,ppi,0.042439267888624704
sub-spaceloc1004,pIPS,left,aIPS,right,ToolLoc,ppi,0.06205640220175589
sub-spaceloc1004,pIPS,right,pIPS,left,ToolLoc,ppi,0.0008628173933728882
sub-spaceloc1004,pIPS,right,pIPS,right,ToolLoc,ppi,0.006465126373432786
sub-spaceloc1004,pIPS,right,LO,left,ToolLoc,ppi,0.0008628173933728882
sub-spaceloc1004,pIPS,right,LO,right,ToolLoc,ppi,0.006465126373432786
sub-spaceloc1004,pIPS,right,PFS,left,ToolLoc,ppi,0.0008628173933728882
sub-spaceloc1004,pIPS,right,PFS,right,ToolLoc,ppi,0.006465126373432786
sub-spaceloc1004,pIPS,right,aIPS,left,ToolLoc,ppi,0.0008628173933728882
sub-spaceloc1004,pIPS,right,aIPS,right,ToolLoc,ppi,0.006465126373432786
sub-spaceloc1004,LO,left,pIPS,left,ToolLoc,ppi,-0.007999899970743348
sub-spaceloc1004,LO,left,pIPS,right,ToolLoc,ppi,-0.006827133806990006
sub-spaceloc1004,LO,left,LO,left,ToolLoc,ppi,-0.007999899970743348
sub-spaceloc1004,LO,left,LO,right,ToolLoc,ppi,-0.006827133806990006
sub-spaceloc1004,LO,left,PFS,left,ToolLoc,ppi,-0.007999899970743348
sub-spaceloc1004,LO,left,PFS,right,ToolLoc,ppi,-0.006827133806990006
sub-spaceloc1004,LO,left,aIPS,left,ToolLoc,ppi,-0.007999899970743348
sub-spaceloc1004,LO,left,aIPS,right,ToolLoc,ppi,-0.006827133806990006
sub-spaceloc1004,LO,right,pIPS,left,ToolLoc,ppi,0.00047988014978871335
sub-spaceloc1004,LO,right,pIPS,right,ToolLoc,ppi,0.0016514448108011445
sub-spaceloc1004,LO,right,LO,left,ToolLoc,ppi,0.00047988014978871335
sub-spaceloc1004,LO,right,LO,right,ToolLoc,ppi,0.0016514448108011445
sub-spaceloc1004,LO,right,PFS,left,ToolLoc,ppi,0.00047988014978871335
sub-spaceloc1004,LO,right,PFS,right,ToolLoc,ppi,0.0016514448108011445
sub-spaceloc1004,LO,right,aIPS,left,ToolLoc,ppi,0.00047988014978871335
sub-spaceloc1004,LO,right,aIPS,right,ToolLoc,ppi,0.0016514448108011445
sub-spaceloc1004,PFS,left,pIPS,left,ToolLoc,ppi,-0.007994076223569988
sub-spaceloc1004,PFS,left,pIPS,right,ToolLoc,ppi,-0.006883202295020138
sub-spaceloc1004,PFS,left,LO,left,ToolLoc,ppi,-0.007994076223569988
sub-spaceloc1004,PFS,left,LO,right,ToolLoc,ppi,-0.006883202295020138
sub-spaceloc1004,PFS,left,PFS,left,ToolLoc,ppi,-0.007994076223569988
sub-spaceloc1004,PFS,left,PFS,right,ToolLoc,ppi,-0.006883202295020138
sub-spaceloc1004,PFS,left,aIPS,left,ToolLoc,ppi,-0.007994076223569988
sub-spaceloc1004,PFS,left,aIPS,right,ToolLoc,ppi,-0.006883202295020138
sub-spaceloc1004,PFS,right,pIPS,left,ToolLoc,ppi,-0.0059046594178003686
sub-spaceloc1004,PFS,right,pIPS,right,ToolLoc,ppi,-0.006758017221661496
sub-spaceloc1004,PFS,right,LO,left,ToolLoc,ppi,-0.0059046594178003686
sub-spaceloc1004,PFS,right,LO,right,ToolLoc,ppi,-0.006758017221661496
sub-spaceloc1004,PFS,right,PFS,left,ToolLoc,ppi,-0.0059046594178003686
sub-spaceloc1004,PFS,right,PFS,right,ToolLoc,ppi,-0.006758017221661496
sub-spaceloc1004,PFS,right,aIPS,left,ToolLoc,ppi,-0.0059046594178003686
sub-spaceloc1004,PFS,right,aIPS,right,ToolLoc,ppi,-0.006758017221661496
sub-spaceloc1004,aIPS,left,pIPS,left,ToolLoc,ppi,-0.00012247982368710528
sub-spaceloc1004,aIPS,left,pIPS,right,ToolLoc,ppi,0.005259981564230311
sub-spaceloc1004,aIPS,left,LO,left,ToolLoc,ppi,-0.00012247982368710528
sub-spaceloc1004,aIPS,left,LO,right,ToolLoc,ppi,0.005259981564230311
sub-spaceloc1004,aIPS,left,PFS,left,ToolLoc,ppi,-0.00012247982368710528
sub-spaceloc1004,aIPS,left,PFS,right,ToolLoc,ppi,0.005259981564230311
sub-spaceloc1004,aIPS,left,aIPS,left,ToolLoc,ppi,-0.00012247982368710528
sub-spaceloc1004,aIPS,left,aIPS,right,ToolLoc,ppi,0.005259981564230311
sub-spaceloc1004,aIPS,right,pIPS,left,ToolLoc,ppi,0.0032512582296509844
sub-spaceloc1004,aIPS,right,pIPS,right,ToolLoc,ppi,0.00258997100498728
sub-spaceloc1004,aIPS,right,LO,left,ToolLoc,ppi,0.0032512582296509844
sub-spaceloc1004,aIPS,right,LO,right,ToolLoc,ppi,0.00258997100498728
sub-spaceloc1004,aIPS,right,PFS,left,ToolLoc,ppi,0.0032512582296509844
sub-spaceloc1004,aIPS,right,PFS,right,ToolLoc,ppi,0.00258997100498728
sub-spaceloc1004,aIPS,right,aIPS,left,ToolLoc,ppi,0.0032512582296509844
sub-spaceloc1004,aIPS,right,aIPS,right,ToolLoc,ppi,0.00258997100498728
sub-spaceloc1005,pIPS,left,pIPS,left,ToolLoc,ppi,0.028280898119555788
sub-spaceloc1005,pIPS,left,pIPS,right,ToolLoc,ppi,0.01636237109149177
sub-spaceloc1005,pIPS,left,LO,left,ToolLoc,ppi,0.028280898119555788
sub-spaceloc1005,pIPS,left,LO,right,ToolLoc,ppi,0.01636237109149177
sub-spaceloc1005,pIPS,left,PFS,left,ToolLoc,ppi,0.028280898119555788
sub-spaceloc1005,pIPS,left,PFS,right,ToolLoc,ppi,0.01636237109149177
sub-spaceloc1005,pIPS,left,aIPS,left,ToolLoc,ppi,0.028280898119555788
sub-spaceloc1005,pIPS,left,aIPS,right,ToolLoc,ppi,0.01636237109149177
sub-spaceloc1005,pIPS,right,pIPS,left,ToolLoc,ppi,-0.008922731052355274
sub-spaceloc1005,pIPS,right,pIPS,right,ToolLoc,ppi,0.005403177590614923
sub-spaceloc1005,pIPS,right,LO,left,ToolLoc,ppi,-0.008922731052355274
sub-spaceloc1005,pIPS,right,LO,right,ToolLoc,ppi,0.005403177590614923
sub-spaceloc1005,pIPS,right,PFS,left,ToolLoc,ppi,-0.008922731052355274
sub-spaceloc1005,pIPS,right,PFS,right,ToolLoc,ppi,0.005403177590614923
sub-spaceloc1005,pIPS,right,aIPS,left,ToolLoc,ppi,-0.008922731052355274
sub-spaceloc1005,pIPS,right,aIPS,right,ToolLoc,ppi,0.005403177590614923
sub-spaceloc1005,LO,left,pIPS,left,ToolLoc,ppi,-0.01827847454370114
sub-spaceloc1005,LO,left,pIPS,right,ToolLoc,ppi,-0.009935239660636051
sub-spaceloc1005,LO,left,LO,left,ToolLoc,ppi,-0.01827847454370114
sub-spaceloc1005,LO,left,LO,right,ToolLoc,ppi,-0.009935239660636051
sub-spaceloc1005,LO,left,PFS,left,ToolLoc,ppi,-0.01827847454370114
sub-spaceloc1005,LO,left,PFS,right,ToolLoc,ppi,-0.009935239660636051
sub-spaceloc1005,LO,left,aIPS,left,ToolLoc,ppi,-0.01827847454370114
sub-spaceloc1005,LO,left,aIPS,right,ToolLoc,ppi,-0.009935239660636051
sub-spaceloc1005,LO,right,pIPS,left,ToolLoc,ppi,-0.011209846706039747
sub-spaceloc1005,LO,right,pIPS,right,ToolLoc,ppi,-0.005868185680376086
sub-spaceloc1005,LO,right,LO,left,ToolLoc,ppi,-0.011209846706039747
sub-spaceloc1005,LO,right,LO,right,ToolLoc,ppi,-0.005868185680376086
sub-spaceloc1005,LO,right,PFS,left,ToolLoc,ppi,-0.011209846706039747
sub-spaceloc1005,LO,right,PFS,right,ToolLoc,ppi,-0.005868185680376086
sub-spaceloc1005,LO,right,aIPS,left,ToolLoc,ppi,-0.011209846706039747
sub-spaceloc1005,LO,right,aIPS,right,ToolLoc,ppi,-0.005868185680376086
sub-spaceloc1005,PFS,left,pIPS,left,ToolLoc,ppi,0.0012336510096377293
sub-spaceloc1005,PFS,left,pIPS,right,ToolLoc,ppi,0.009200311649527232
sub-spaceloc1005,PFS,left,LO,left,ToolLoc,ppi,0.0012336510096377293
sub-spaceloc1005,PFS,left,LO,right,ToolLoc,ppi,0.009200311649527232
sub-spaceloc1005,PFS,left,PFS,left,ToolLoc,ppi,0.0012336510096377293
sub-spaceloc1005,PFS,left,PFS,right,ToolLoc,ppi,0.009200311649527232
sub-spaceloc1005,PFS,left,aIPS,left,ToolLoc,ppi,0.0012336510096377293
sub-spaceloc1005,PFS,left,aIPS,right,ToolLoc,ppi,0.009200311649527232
sub-spaceloc1005,PFS,right,pIPS,left,ToolLoc,ppi,0.005813807622481753
sub-spaceloc1005,PFS,right,pIPS,right,ToolLoc,ppi,0.00863815722246231
sub-spaceloc1005,PFS,right,LO,left,ToolLoc,ppi,0.005813807622481753
sub-spaceloc1005,PFS,right,LO,right,ToolLoc,ppi,0.00863815722246231
sub-spaceloc1005,PFS,right,PFS,left,ToolLoc,ppi,0.005813807622481753
sub-spaceloc1005,PFS,right,PFS,right,ToolLoc,ppi,0.00863815722246231
sub-spaceloc1005,PFS,right,aIPS,left,ToolLoc,ppi,0.005813807622481753
sub-spaceloc1005,PFS,right,aIPS,right,ToolLoc,ppi,0.00863815722246231
sub-spaceloc1005,aIPS,left,pIPS,left,ToolLoc,ppi,-0.011647215389663679
sub-spaceloc1005,aIPS,left,pIPS,right,ToolLoc,ppi,0.006252264629144269
sub-spaceloc1005,aIPS,left,LO,left,ToolLoc,ppi,-0.011647215389663679
sub-spaceloc1005,aIPS,left,LO,right,ToolLoc,ppi,0.006252264629144269
sub-spaceloc1005,aIPS,left,PFS,left,ToolLoc,ppi,-0.011647215389663679
sub-spaceloc1005,aIPS,left,PFS,right,ToolLoc,ppi,0.006252264629144269
sub-spaceloc1005,aIPS,left,aIPS,left,ToolLoc,ppi,-0.011647215389663679
sub-spaceloc1005,aIPS,left,aIPS,right,ToolLoc,ppi,0.006252264629144269
sub-spaceloc1005,aIPS,right,pIPS,left,ToolLoc,ppi,-0.03344134448540457
sub-spaceloc1005,aIPS,right,pIPS,right,ToolLoc,ppi,-0.01251743858116548
sub-spaceloc1005,aIPS,right,LO,left,ToolLoc,ppi,-0.03344134448540457
sub-spaceloc1005,aIPS,right,LO,right,ToolLoc,ppi,-0.01251743858116548
sub-spaceloc1005,aIPS,right,PFS,left,ToolLoc,ppi,-0.03344134448540457
sub-spaceloc1005,aIPS,right,PFS,right,ToolLoc,ppi,-0.01251743858116548
sub-spaceloc1005,aIPS,right,aIPS,left,ToolLoc,ppi,-0.03344134448540457
sub-spaceloc1005,aIPS,right,aIPS,right,ToolLoc,ppi,-0.01251743858116548
sub-spaceloc1006,pIPS,left,pIPS,left,ToolLoc,ppi,-0.0071289125020089356
sub-spaceloc1006,pIPS,left,pIPS,right,ToolLoc,ppi,-0.009612349471861816
sub-spaceloc1006,pIPS,left,LO,left,ToolLoc,ppi,-0.0071289125020089356
sub-spaceloc1006,pIPS,left,LO,right,ToolLoc,ppi,-0.009612349471861816
sub-spaceloc1006,pIPS,left,PFS,left,ToolLoc,ppi,-0.0071289125020089356
sub-spaceloc1006,pIPS,left,PFS,right,ToolLoc,ppi,-0.009612349471861816
sub-spaceloc1006,pIPS,left,aIPS,left,ToolLoc,ppi,-0.0071289125020089356
sub-spaceloc1006,pIPS,left,aIPS,right,ToolLoc,ppi,-0.009612349471861816
sub-spaceloc1006,pIPS,right,pIPS,left,ToolLoc,ppi,0.002416243164739369
sub-spaceloc1006,pIPS,right,pIPS,right,ToolLoc,ppi,0.009206401859619864
sub-spaceloc1006,pIPS,right,LO,left,ToolLoc,ppi,0.002416243164739369
sub-spaceloc1006,pIPS,right,LO,right,ToolLoc,ppi,0.009206401859619864
sub-spaceloc1006,pIPS,right,PFS,left,ToolLoc,ppi,0.002416243164739369
sub-spaceloc1006,pIPS,right,PFS,right,ToolLoc,ppi,0.009206401859619864
sub-spaceloc1006,pIPS,right,aIPS,left,ToolLoc,ppi,0.002416243164739369
sub-spaceloc1006,pIPS,right,aIPS,right,ToolLoc,ppi,0.009206401859619864
sub-spaceloc1006,LO,left,pIPS,left,ToolLoc,ppi,-0.00873928254862365
sub-spaceloc1006,LO,left,pIPS,right,ToolLoc,ppi,-0.004854695354299867
sub-spaceloc1006,LO,left,LO,left,ToolLoc,ppi,-0.00873928254862365
sub-spaceloc1006,LO,left,LO,right,ToolLoc,ppi,-0.004854695354299867
sub-spaceloc1006,LO,left,PFS,left,ToolLoc,ppi,-0.00873928254862365
sub-spaceloc1006,LO,left,PFS,right,ToolLoc,ppi,-0.004854695354299867
sub-spaceloc1006,LO,left,aIPS,left,ToolLoc,ppi,-0.00873928254862365
sub-spaceloc1006,LO,left,aIPS,right,ToolLoc,ppi,-0.004854695354299867
sub-spaceloc1006,LO,right,pIPS,left,ToolLoc,ppi,0.0016702370694634226
sub-spaceloc1006,LO,right,pIPS,right,ToolLoc,ppi,0.0031244001841683566
sub-spaceloc1006,LO,right,LO,left,ToolLoc,ppi,0.0016702370694634226
sub-spaceloc1006,LO,right,LO,right,ToolLoc,ppi,0.0031244001841683566
sub-spaceloc1006,LO,right,PFS,left,ToolLoc,ppi,0.0016702370694634226
sub-spaceloc1006,LO,right,PFS,right,ToolLoc,ppi,0.0031244001841683566
sub-spaceloc1006,LO,right,aIPS,left,ToolLoc,ppi,0.0016702370694634226
sub-spaceloc1006,LO,right,aIPS,right,ToolLoc,ppi,0.0031244001841683566
sub-spaceloc1006,PFS,left,pIPS,left,ToolLoc,ppi,0.008318974151214726
sub-spaceloc1006,PFS,left,pIPS,right,ToolLoc,ppi,0.004951325020572933
sub-spaceloc1006,PFS,left,LO,left,ToolLoc,ppi,0.008318974151214726
sub-spaceloc1006,PFS,left,LO,right,ToolLoc,ppi,0.004951325020572933
sub-spaceloc1006,PFS,left,PFS,left,ToolLoc,ppi,0.008318974151214726
sub-spaceloc1006,PFS,left,PFS,right,ToolLoc,ppi,0.004951325020572933
sub-spaceloc1006,PFS,left,aIPS,left,ToolLoc,ppi,0.008318974151214726
sub-spaceloc1006,PFS,left,aIPS,right,ToolLoc,ppi,0.004951325020572933
sub-spaceloc1006,PFS,right,pIPS,left,ToolLoc,ppi,-0.007751467955781014
sub-spaceloc1006,PFS,right,pIPS,right,ToolLoc,ppi,-0.009661340231964872
sub-spaceloc1006,PFS,right,LO,left,ToolLoc,ppi,-0.007751467955781014
sub-spaceloc1006,PFS,right,LO,right,ToolLoc,ppi,-0.009661340231964872
sub-spaceloc1006,PFS,right,PFS,left,ToolLoc,ppi,-0.007751467955781014
sub-spaceloc1006,PFS,right,PFS,right,ToolLoc,ppi,-0.009661340231964872
sub-spaceloc1006,PFS,right,aIPS,left,ToolLoc,ppi,-0.007751467955781014
sub-spaceloc1006,PFS,right,aIPS,right,ToolLoc,ppi,-0.009661340231964872
sub-spaceloc1006,aIPS,left,pIPS,left,ToolLoc,ppi,-0.006959740362058547
sub-spaceloc1006,aIPS,left,pIPS,right,ToolLoc,ppi,-0.013906743209472865
sub-spaceloc1006,aIPS,left,LO,left,ToolLoc,ppi,-0.006959740362058547
sub-spaceloc1006,aIPS,left,LO,right,ToolLoc,ppi,-0.013906743209472865
sub-spaceloc1006,aIPS,left,PFS,left,ToolLoc,ppi,-0.006959740362058547
sub-spaceloc1006,aIPS,left,PFS,right,ToolLoc,ppi,-0.013906743209472865
sub-spaceloc1006,aIPS,left,aIPS,left,ToolLoc,ppi,-0.006959740362058547
sub-spaceloc1006,aIPS,left,aIPS,right,ToolLoc,ppi,-0.013906743209472865
sub-spaceloc1006,aIPS,right,pIPS,left,ToolLoc,ppi,0.002387692521960654
sub-spaceloc1006,aIPS,right,pIPS,right,ToolLoc,ppi,0.0012377588310332143
sub-spaceloc1006,aIPS,right,LO,left,ToolLoc,ppi,0.002387692521960654
sub-spaceloc1006,aIPS,right,LO,right,ToolLoc,ppi,0.0012377588310332143
sub-spaceloc1006,aIPS,right,PFS,left,ToolLoc,ppi,0.002387692521960654
sub-spaceloc1006,aIPS,right,PFS,right,ToolLoc,ppi,0.0012377588310332143
sub-spaceloc1006,aIPS,right,aIPS,left,ToolLoc,ppi,0.002387692521960654
sub-spaceloc1006,aIPS,right,aIPS,right,ToolLoc,ppi,0.0012377588310332143
sub-spaceloc1007,pIPS,left,pIPS,left,ToolLoc,ppi,-0.002417308094521539
sub-spaceloc1007,pIPS,left,pIPS,right,ToolLoc,ppi,-0.002915718641078628
sub-spaceloc1007,pIPS,left,LO,left,ToolLoc,ppi,-0.002417308094521539
sub-spaceloc1007,pIPS,left,LO,right,ToolLoc,ppi,-0.002915718641078628
sub-spaceloc1007,pIPS,left,PFS,left,ToolLoc,ppi,-0.002417308094521539
sub-spaceloc1007,pIPS,left,PFS,right,ToolLoc,ppi,-0.002915718641078628
sub-spaceloc1007,pIPS,left,aIPS,left,ToolLoc,ppi,-0.002417308094521539
sub-spaceloc1007,pIPS,left,aIPS,right,ToolLoc,ppi,-0.002915718641078628
sub-spaceloc1007,pIPS,right,pIPS,left,ToolLoc,ppi,-0.007921035628026837
sub-spaceloc1007,pIPS,right,pIPS,right,ToolLoc,ppi,-0.005836365905198109
sub-spaceloc1007,pIPS,right,LO,left,ToolLoc,ppi,-0.007921035628026837
sub-spaceloc1007,pIPS,right,LO,right,ToolLoc,ppi,-0.005836365905198109
sub-spaceloc1007,pIPS,right,PFS,left,ToolLoc,ppi,-0.007921035628026837
sub-spaceloc1007,pIPS,right,PFS,right,ToolLoc,ppi,-0.005836365905198109
sub-spaceloc1007,pIPS,right,aIPS,left,ToolLoc,ppi,-0.007921035628026837
sub-spaceloc1007,pIPS,right,aIPS,right,ToolLoc,ppi,-0.005836365905198109
sub-spaceloc1007,LO,left,pIPS,left,ToolLoc,ppi,-0.0019666939000384637
sub-spaceloc1007,LO,left,pIPS,right,ToolLoc,ppi,-0.00922298017658491
sub-spaceloc1007,LO,left,LO,left,ToolLoc,ppi,-0.0019666939000384637
sub-spaceloc1007,LO,left,LO,right,ToolLoc,ppi,-0.00922298017658491
sub-spaceloc1007,LO,left,PFS,left,ToolLoc,ppi,-0.0019666939000384637
sub-spaceloc1007,LO,left,PFS,right,ToolLoc,ppi,-0.00922298017658491
sub-spaceloc1007,LO,left,aIPS,left,ToolLoc,ppi,-0.0019666939000384637
sub-spaceloc1007,LO,left,aIPS,right,ToolLoc,ppi,-0.00922298017658491
sub-spaceloc1007,LO,right,pIPS,left,ToolLoc,ppi,-0.0066890490696798165
sub-spaceloc1007,LO,right,pIPS,right,ToolLoc,ppi,-0.01239298396348228
sub-spaceloc1007,LO,right,LO,left,ToolLoc,ppi,-0.0066890490696798165
sub-spaceloc1007,LO,right,LO,right,ToolLoc,ppi,-0.01239298396348228
sub-spaceloc1007,LO,right,PFS,left,ToolLoc,ppi,-0.0066890490696798165
sub-spaceloc1007,LO,right,PFS,right,ToolLoc,ppi,-0.01239298396348228
sub-spaceloc1007,LO,right,aIPS,left,ToolLoc,ppi,-0.0066890490696798165
sub-spaceloc1007,LO,right,aIPS,right,ToolLoc,ppi,-0.01239298396348228
sub-spaceloc1007,PFS,left,pIPS,left,ToolLoc,ppi,-0.005872102845127561
sub-spaceloc1007,PFS,left,pIPS,right,ToolLoc,ppi,-0.012250154683715663
sub-spaceloc1007,PFS,left,LO,left,ToolLoc,ppi,-0.005872102845127561
sub-spaceloc1007,PFS,left,LO,right,ToolLoc,ppi,-0.012250154683715663
sub-spaceloc1007,PFS,left,PFS,left,ToolLoc,ppi,-0.005872102845127561
sub-spaceloc1007,PFS,left,PFS,right,ToolLoc,ppi,-0.012250154683715663
sub-spaceloc1007,PFS,left,aIPS,left,ToolLoc,ppi,-0.005872102845127561
sub-spaceloc1007,PFS,left,aIPS,right,ToolLoc,ppi,-0.012250154683715663
sub-spaceloc1007,PFS,right,pIPS,left,ToolLoc,ppi,0.0008478194680979609
sub-spaceloc1007,PFS,right,pIPS,right,ToolLoc,ppi,-0.004668755114967511
sub-spaceloc1007,PFS,right,LO,left,ToolLoc,ppi,0.0008478194680979609
sub-spaceloc1007,PFS,right,LO,right,ToolLoc,ppi,-0.004668755114967511
sub-spaceloc1007,PFS,right,PFS,left,ToolLoc,ppi,0.0008478194680979609
sub-spaceloc1007,PFS,right,PFS,right,ToolLoc,ppi,-0.004668755114967511
sub-spaceloc1007,PFS,right,aIPS,left,ToolLoc,ppi,0.0008478194680979609
sub-spaceloc1007,PFS,right,aIPS,right,ToolLoc,ppi,-0.004668755114967511
sub-spaceloc1007,aIPS,left,pIPS,left,ToolLoc,ppi,-0.0093889949791755
sub-spaceloc1007,aIPS,left,pIPS,right,ToolLoc,ppi,-0.0007071682141094212
sub-spaceloc1007,aIPS,left,LO,left,ToolLoc,ppi,-0.0093889949791755
sub-spaceloc1007,aIPS,left,LO,right,ToolLoc,ppi,-0.0007071682141094212
sub-spaceloc1007,aIPS,left,PFS,left,ToolLoc,ppi,-0.0093889949791755
sub-spaceloc1007,aIPS,left,PFS,right,ToolLoc,ppi,-0.0007071682141094212
sub-spaceloc1007,aIPS,left,aIPS,left,ToolLoc,ppi,-0.0093889949791755
sub-spaceloc1007,aIPS,left,aIPS,right,ToolLoc,ppi,-0.0007071682141094212
sub-spaceloc1007,aIPS,right,pIPS,left,ToolLoc,ppi,0.004084260358876728
sub-spaceloc1007,aIPS,right,pIPS,right,ToolLoc,ppi,-0.00908569848076601
sub-spaceloc1007,aIPS,right,LO,left,ToolLoc,ppi,0.004084260358876728
sub-spaceloc1007,aIPS,right,LO,right,ToolLoc,ppi,-0.00908569848076601
sub-spaceloc1007,aIPS,right,PFS,left,ToolLoc,ppi,0.004084260358876728
sub-spaceloc1007,aIPS,right,PFS,right,ToolLoc,ppi,-0.00908569848076601
sub-spaceloc1007,aIPS,right,aIPS,left,ToolLoc,ppi,0.004084260358876728
sub-spaceloc1007,aIPS,right,aIPS,right,ToolLoc,ppi,-0.00908569848076601
sub-spaceloc1008,pIPS,left,pIPS,left,ToolLoc,ppi,-0.015188225975219646
sub-spaceloc1008,pIPS,left,pIPS,right,ToolLoc,ppi,-0.00769817052833287
sub-spaceloc1008,pIPS,left,LO,left,ToolLoc,ppi,-0.015188225975219646
sub-spaceloc1008,pIPS,left,LO,right,ToolLoc,ppi,-0.00769817052833287
sub-spaceloc1008,pIPS,left,PFS,left,ToolLoc,ppi,-0.015188225975219646
sub-spaceloc1008,pIPS,left,PFS,right,ToolLoc,ppi,-0.00769817052833287
sub-spaceloc1008,pIPS,left,aIPS,left,ToolLoc,ppi,-0.015188225975219646
sub-spaceloc1008,pIPS,left,aIPS,right,ToolLoc,ppi,-0.00769817052833287
sub-spaceloc1008,pIPS,right,pIPS,left,ToolLoc,ppi,0.0036080335956522385
sub-spaceloc1008,pIPS,right,pIPS,right,ToolLoc,ppi,0.011105783361320695
sub-spaceloc1008,pIPS,right,LO,left,ToolLoc,ppi,0.0036080335956522385
sub-spaceloc1008,pIPS,right,LO,right,ToolLoc,ppi,0.011105783361320695
sub-spaceloc1008,pIPS,right,PFS,left,ToolLoc,ppi,0.0036080335956522385
sub-spaceloc1008,pIPS,right,PFS,right,ToolLoc,ppi,0.011105783361320695
sub-spaceloc1008,pIPS,right,aIPS,left,ToolLoc,ppi,0.0036080335956522385
sub-spaceloc1008,pIPS,right,aIPS,right,ToolLoc,ppi,0.011105783361320695
sub-spaceloc1008,LO,left,pIPS,left,ToolLoc,ppi,-0.0042173789938954685
sub-spaceloc1008,LO,left,pIPS,right,ToolLoc,ppi,-0.012060288622134686
sub-spaceloc1008,LO,left,LO,left,ToolLoc,ppi,-0.0042173789938954685
sub-spaceloc1008,LO,left,LO,right,ToolLoc,ppi,-0.012060288622134686
sub-spaceloc1008,LO,left,PFS,left,ToolLoc,ppi,-0.0042173789938954685
sub-spaceloc1008,LO,left,PFS,right,ToolLoc,ppi,-0.012060288622134686
sub-spaceloc1008,LO,left,aIPS,left,ToolLoc,ppi,-0.0042173789938954685
sub-spaceloc1008,LO,left,aIPS,right,ToolLoc,ppi,-0.012060288622134686
sub-spaceloc1008,LO,right,pIPS,left,ToolLoc,ppi,-0.009578297314236121
sub-spaceloc1008,LO,right,pIPS,right,ToolLoc,ppi,-0.009808017295863546
sub-spaceloc1008,LO,right,LO,left,ToolLoc,ppi,-0.009578297314236121
sub-spaceloc1008,LO,right,LO,right,ToolLoc,ppi,-0.009808017295863546
sub-spaceloc1008,LO,right,PFS,left,ToolLoc,ppi,-0.009578297314236121
sub-spaceloc1008,LO,right,PFS,right,ToolLoc,ppi,-0.009808017295863546
sub-spaceloc1008,LO,right,aIPS,left,ToolLoc,ppi,-0.009578297314236121
sub-spaceloc1008,LO,right,aIPS,right,ToolLoc,ppi,-0.009808017295863546
sub-spaceloc1008,PFS,left,pIPS,left,ToolLoc,ppi,0.0019095114325214776
sub-spaceloc1008,PFS,left,pIPS,right,ToolLoc,ppi,-0.0017055487736466932
sub-spaceloc1008,PFS,left,LO,left,ToolLoc,ppi,0.0019095114325214776
sub-spaceloc1008,PFS,left,LO,right,ToolLoc,ppi,-0.0017055487736466932
sub-spaceloc1008,PFS,left,PFS,left,ToolLoc,ppi,0.0019095114325214776
sub-spaceloc1008,PFS,left,PFS,right,ToolLoc,ppi,-0.0017055487736466932
sub-spaceloc1008,PFS,left,aIPS,left,ToolLoc,ppi,0.0019095114325214776
sub-spaceloc1008,PFS,left,aIPS,right,ToolLoc,ppi,-0.0017055487736466932
sub-spaceloc1008,PFS,right,pIPS,left,ToolLoc,ppi,0.0016639704975075023
sub-spaceloc1008,PFS,right,pIPS,right,ToolLoc,ppi,-0.003200879325264726
sub-spaceloc1008,PFS,right,LO,left,ToolLoc,ppi,0.0016639704975075023
sub-spaceloc1008,PFS,right,LO,right,ToolLoc,ppi,-0.003200879325264726
sub-spaceloc1008,PFS,right,PFS,left,ToolLoc,ppi,0.0016639704975075023
sub-spaceloc1008,PFS,right,PFS,right,ToolLoc,ppi,-0.003200879325264726
sub-spaceloc1008,PFS,right,aIPS,left,ToolLoc,ppi,0.0016639704975075023
sub-spaceloc1008,PFS,right,aIPS,right,ToolLoc,ppi,-0.003200879325264726
sub-spaceloc1008,aIPS,left,pIPS,left,ToolLoc,ppi,-0.011546066075717227
sub-spaceloc1008,aIPS,left,pIPS,right,ToolLoc,ppi,-0.015167683050345533
sub-spaceloc1008,aIPS,left,LO,left,ToolLoc,ppi,-0.011546066075717227
sub-spaceloc1008,aIPS,left,LO,right,ToolLoc,ppi,-0.015167683050345533
sub-spaceloc1008,aIPS,left,PFS,left,ToolLoc,ppi,-0.011546066075717227
sub-spaceloc1008,aIPS,left,PFS,right,ToolLoc,ppi,-0.015167683050345533
sub-spaceloc1008,aIPS,left,aIPS,left,ToolLoc,ppi,-0.011546066075717227
sub-spaceloc1008,aIPS,left,aIPS,right,ToolLoc,ppi,-0.015167683050345533
sub-spaceloc1008,aIPS,right,pIPS,left,ToolLoc,ppi,-0.015231746588534581
sub-spaceloc1008,aIPS,right,pIPS,right,ToolLoc,ppi,-0.010328523567797423
sub-spaceloc1008,aIPS,right,LO,left,ToolLoc,ppi,-0.015231746588534581
sub-spaceloc1008,aIPS,right,LO,right,ToolLoc,ppi,-0.010328523567797423
sub-spaceloc1008,aIPS,right,PFS,left,ToolLoc,ppi,-0.015231746588534581
sub-spaceloc1008,aIPS,right,PFS,right,ToolLoc,ppi,-0.010328523567797423
sub-spaceloc1008,aIPS,right,aIPS,left,ToolLoc,ppi,-0.015231746588534581
sub-spaceloc1008,aIPS,right,aIPS,right,ToolLoc,ppi,-0.010328523567797423
sub-spaceloc1009,pIPS,left,pIPS,left,ToolLoc,ppi,-0.0036988433531445005
sub-spaceloc1009,pIPS,left,pIPS,right,ToolLoc,ppi,-0.008329438556904427
sub-spaceloc1009,pIPS,left,LO,left,ToolLoc,ppi,-0.0036988433531445005
sub-spaceloc1009,pIPS,left,LO,right,ToolLoc,ppi,-0.008329438556904427
sub-spaceloc1009,pIPS,left,PFS,left,ToolLoc,ppi,-0.0036988433531445005
sub-spaceloc1009,pIPS,left,PFS,right,ToolLoc,ppi,-0.008329438556904427
sub-spaceloc1009,pIPS,left,aIPS,left,ToolLoc,ppi,-0.0036988433531445005
sub-spaceloc1009,pIPS,left,aIPS,right,ToolLoc,ppi,-0.008329438556904427
sub-spaceloc1009,pIPS,right,pIPS,left,ToolLoc,ppi,0.0078019918461390975
sub-spaceloc1009,pIPS,right,pIPS,right,ToolLoc,ppi,-0.01742135943464205
sub-spaceloc1009,pIPS,right,LO,left,ToolLoc,ppi,0.0078019918461390975
sub-spaceloc1009,pIPS,right,LO,right,ToolLoc,ppi,-0.01742135943464205
sub-spaceloc1009,pIPS,right,PFS,left,ToolLoc,ppi,0.0078019918461390975
sub-spaceloc1009,pIPS,right,PFS,right,ToolLoc,ppi,-0.01742135943464205
sub-spaceloc1009,pIPS,right,aIPS,left,ToolLoc,ppi,0.0078019918461390975
sub-spaceloc1009,pIPS,right,aIPS,right,ToolLoc,ppi,-0.01742135943464205
sub-spaceloc1009,LO,left,pIPS,left,ToolLoc,ppi,0.0052840755343551565
sub-spaceloc1009,LO,left,pIPS,right,ToolLoc,ppi,0.021634987765159232
sub-spaceloc1009,LO,left,LO,left,ToolLoc,ppi,0.0052840755343551565
sub-spaceloc1009,LO,left,LO,right,ToolLoc,ppi,0.021634987765159232
sub-spaceloc1009,LO,left,PFS,left,ToolLoc,ppi,0.0052840755343551565
sub-spaceloc1009,LO,left,PFS,right,ToolLoc,ppi,0.021634987765159232
sub-spaceloc1009,LO,left,aIPS,left,ToolLoc,ppi,0.0052840755343551565
sub-spaceloc1009,LO,left,aIPS,right,ToolLoc,ppi,0.021634987765159232
sub-spaceloc1009,LO,right,pIPS,left,ToolLoc,ppi,-0.001809796223441433
sub-spaceloc1009,LO,right,pIPS,right,ToolLoc,ppi,0.012515755794711609
sub-spaceloc1009,LO,right,LO,left,ToolLoc,ppi,-0.001809796223441433
sub-spaceloc1009,LO,right,LO,right,ToolLoc,ppi,0.012515755794711609
sub-spaceloc1009,LO,right,PFS,left,ToolLoc,ppi,-0.001809796223441433
sub-spaceloc1009,LO,right,PFS,right,ToolLoc,ppi,0.012515755794711609
sub-spaceloc1009,LO,right,aIPS,left,ToolLoc,ppi,-0.001809796223441433
sub-spaceloc1009,LO,right,aIPS,right,ToolLoc,ppi,0.012515755794711609
sub-spaceloc1009,PFS,left,pIPS,left,ToolLoc,ppi,0.009084402813251862
sub-spaceloc1009,PFS,left,pIPS,right,ToolLoc,ppi,0.00482063958294351
sub-spaceloc1009,PFS,left,LO,left,ToolLoc,ppi,0.009084402813251862
sub-spaceloc1009,PFS,left,LO,right,ToolLoc,ppi,0.00482063958294351
sub-spaceloc1009,PFS,left,PFS,left,ToolLoc,ppi,0.009084402813251862
sub-spaceloc1009,PFS,left,PFS,right,ToolLoc,ppi,0.00482063958294351
sub-spaceloc1009,PFS,left,aIPS,left,ToolLoc,ppi,0.009084402813251862
sub-spaceloc1009,PFS,left,aIPS,right,ToolLoc,ppi,0.00482063958294351
sub-spaceloc1009,PFS,right,pIPS,left,ToolLoc,ppi,0.0014906883431129764
sub-spaceloc1009,PFS,right,pIPS,right,ToolLoc,ppi,0.0014222240760731935
sub-spaceloc1009,PFS,right,LO,left,ToolLoc,ppi,0.0014906883431129764
sub-spaceloc1009,PFS,right,LO,right,ToolLoc,ppi,0.0014222240760731935
sub-spaceloc1009,PFS,right,PFS,left,ToolLoc,ppi,0.0014906883431129764
sub-spaceloc1009,PFS,right,PFS,right,ToolLoc,ppi,0.0014222240760731935
sub-spaceloc1009,PFS,right,aIPS,left,ToolLoc,ppi,0.0014906883431129764
sub-spaceloc1009,PFS,right,aIPS,right,ToolLoc,ppi,0.0014222240760731935
sub-spaceloc1009,aIPS,left,pIPS,left,ToolLoc,ppi,0.005718348156383108
sub-spaceloc1009,aIPS,left,pIPS,right,ToolLoc,ppi,-0.009945435621093252
sub-spaceloc1009,aIPS,left,LO,left,ToolLoc,ppi,0.005718348156383108
sub-spaceloc1009,aIPS,left,LO,right,ToolLoc,ppi,-0.009945435621093252
sub-spaceloc1009,aIPS,left,PFS,left,ToolLoc,ppi,0.005718348156383108
sub-spaceloc1009,aIPS,left,PFS,right,ToolLoc,ppi,-0.009945435621093252
sub-spaceloc1009,aIPS,left,aIPS,left,ToolLoc,ppi,0.005718348156383108
sub-spaceloc1009,aIPS,left,aIPS,right,ToolLoc,ppi,-0.009945435621093252
sub-spaceloc1009,aIPS,right,pIPS,left,ToolLoc,ppi,0.015892722816665768
sub-spaceloc1009,aIPS,right,pIPS,right,ToolLoc,ppi,0.0027551983682848192
sub-spaceloc1009,aIPS,right,LO,left,ToolLoc,ppi,0.015892722816665768
sub-spaceloc1009,aIPS,right,LO,right,ToolLoc,ppi,0.0027551983682848192
sub-spaceloc1009,aIPS,right,PFS,left,ToolLoc,ppi,0.015892722816665768
sub-spaceloc1009,aIPS,right,PFS,right,ToolLoc,ppi,0.0027551983682848192
sub-spaceloc1009,aIPS,right,aIPS,left,ToolLoc,ppi,0.015892722816665768
sub-spaceloc1009,aIPS,right,aIPS,right,ToolLoc,ppi,0.0027551983682848192
sub-spaceloc1010,pIPS,left,pIPS,left,ToolLoc,ppi,0.0037312410504850763
sub-spaceloc1010,pIPS,left,pIPS,right,ToolLoc,ppi,-0.006052168832120679
sub-spaceloc1010,pIPS,left,LO,left,ToolLoc,ppi,0.0037312410504850763
sub-spaceloc1010,pIPS,left,LO,right,ToolLoc,ppi,-0.006052168832120679
sub-spaceloc1010,pIPS,left,PFS,left,ToolLoc,ppi,0.0037312410504850763
sub-spaceloc1010,pIPS,left,PFS,right,ToolLoc,ppi,-0.006052168832120679
sub-spaceloc1010,pIPS,left,aIPS,left,ToolLoc,ppi,0.0037312410504850763
sub-spaceloc1010,pIPS,left,aIPS,right,ToolLoc,ppi,-0.006052168832120679
sub-spaceloc1010,pIPS,right,pIPS,left,ToolLoc,ppi,-0.007294710955845759
sub-spaceloc1010,pIPS,right,pIPS,right,ToolLoc,ppi,-0.0019291497314420135
sub-spaceloc1010,pIPS,right,LO,left,ToolLoc,ppi,-0.007294710955845759
sub-spaceloc1010,pIPS,right,LO,right,ToolLoc,ppi,-0.0019291497314420135
sub-spaceloc1010,pIPS,right,PFS,left,ToolLoc,ppi,-0.007294710955845759
sub-spaceloc1010,pIPS,right,PFS,right,ToolLoc,ppi,-0.0019291497314420135
sub-spaceloc1010,pIPS,right,aIPS,left,ToolLoc,ppi,-0.007294710955845759
sub-spaceloc1010,pIPS,right,aIPS,right,ToolLoc,ppi,-0.0019291497314420135
sub-spaceloc1010,LO,left,pIPS,left,ToolLoc,ppi,-0.02100817113502049
sub-spaceloc1010,LO,left,pIPS,right,ToolLoc,ppi,-0.00028692692852026855
sub-spaceloc1010,LO,left,LO,left,ToolLoc,ppi,-0.02100817113502049
sub-spaceloc1010,LO,left,LO,right,ToolLoc,ppi,-0.00028692692852026855
sub-spaceloc1010,LO,left,PFS,left,ToolLoc,ppi,-0.02100817113502049
sub-spaceloc1010,LO,left,PFS,right,ToolLoc,ppi,-0.00028692692852026855
sub-spaceloc1010,LO,left,aIPS,left,ToolLoc,ppi,-0.02100817113502049
sub-spaceloc1010,LO,left,aIPS,right,ToolLoc,ppi,-0.00028692692852026855
sub-spaceloc1010,LO,right,pIPS,left,ToolLoc,ppi,-0.011467956049544452
sub-spaceloc1010,LO,right,pIPS,right,ToolLoc,ppi,0.0006193329973673794
sub-spaceloc1010,LO,right,LO,left,ToolLoc,ppi,-0.011467956049544452
sub-spaceloc1010,LO,right,LO,right,ToolLoc,ppi,0.0006193329973673794
sub-spaceloc1010,LO,right,PFS,left,ToolLoc,ppi,-0.011467956049544452
sub-spaceloc1010,LO,right,PFS,right,ToolLoc,ppi,0.0006193329973673794
sub-spaceloc1010,LO,right,aIPS,left,ToolLoc,ppi,-0.011467956049544452
sub-spaceloc1010,LO,right,aIPS,right,ToolLoc,ppi,0.0006193329973673794
sub-spaceloc1010,PFS,left,pIPS,left,ToolLoc,ppi,-0.004168445706454804
sub-spaceloc1010,PFS,left,pIPS,right,ToolLoc,ppi,0.003946459273257377
sub-spaceloc1010,PFS,left,LO,left,ToolLoc,ppi,-0.004168445706454804
sub-spaceloc1010,PFS,left,LO,right,ToolLoc,ppi,0.003946459273257377
sub-spaceloc1010,PFS,left,PFS,left,ToolLoc,ppi,-0.004168445706454804
sub-spaceloc1010,PFS,left,PFS,right,ToolLoc,ppi,0.003946459273257377
sub-spaceloc1010,PFS,left,aIPS,left,ToolLoc,ppi,-0.004168445706454804
sub-spaceloc1010,PFS,left,aIPS,right,ToolLoc,ppi,0.003946459273257377
sub-spaceloc1010,PFS,right,pIPS,left,ToolLoc,ppi,-0.0094489973058184
sub-spaceloc1010,PFS,right,pIPS,right,ToolLoc,ppi,3.250662729525092e-05
sub-spaceloc1010,PFS,right,LO,left,ToolLoc,ppi,-0.0094489973058184
sub-spaceloc1010,PFS,right,LO,right,ToolLoc,ppi,3.250662729525092e-05
sub-spaceloc1010,PFS,right,PFS,left,ToolLoc,ppi,-0.0094489973058184
sub-spaceloc1010,PFS,right,PFS,right,ToolLoc,ppi,3.250662729525092e-05
sub-spaceloc1010,PFS,right,aIPS,left,ToolLoc,ppi,-0.0094489973058184
sub-spaceloc1010,PFS,right,aIPS,right,ToolLoc,ppi,3.250662729525092e-05
sub-spaceloc1010,aIPS,left,pIPS,left,ToolLoc,ppi,-0.02408155144422973
sub-spaceloc1010,aIPS,left,pIPS,right,ToolLoc,ppi,-0.0041315061956491515
sub-spaceloc1010,aIPS,left,LO,left,ToolLoc,ppi,-0.02408155144422973
sub-spaceloc1010,aIPS,left,LO,right,ToolLoc,ppi,-0.0041315061956491515
sub-spaceloc1010,aIPS,left,PFS,left,ToolLoc,ppi,-0.02408155144422973
sub-spaceloc1010,aIPS,left,PFS,right,ToolLoc,ppi,-0.0041315061956491515
sub-spaceloc1010,aIPS,left,aIPS,left,ToolLoc,ppi,-0.02408155144422973
sub-spaceloc1010,aIPS,left,aIPS,right,ToolLoc,ppi,-0.0041315061956491515
sub-spaceloc1010,aIPS,right,pIPS,left,ToolLoc,ppi,0.006122451286267387
sub-spaceloc1010,aIPS,right,pIPS,right,ToolLoc,ppi,0.032802424192878196
sub-spaceloc1010,aIPS,right,LO,left,ToolLoc,ppi,0.006122451286267387
sub-spaceloc1010,aIPS,right,LO,right,ToolLoc,ppi,0.032802424192878196
sub-spaceloc1010,aIPS,right,PFS,left,ToolLoc,ppi,0.006122451286267387
sub-spaceloc1010,aIPS,right,PFS,right,ToolLoc,ppi,0.032802424192878196
sub-spaceloc1010,aIPS,right,aIPS,left,ToolLoc,ppi,0.006122451286267387
sub-spaceloc1010,aIPS,right,aIPS,right,ToolLoc,ppi,0.032802424192878196
sub-spaceloc1011,pIPS,left,pIPS,left,ToolLoc,ppi,0.015988596975702145
sub-spaceloc1011,pIPS,left,pIPS,right,ToolLoc,ppi,0.0006860007869125855
sub-spaceloc1011,pIPS,left,LO,left,ToolLoc,ppi,0.015988596975702145
sub-spaceloc1011,pIPS,left,LO,right,ToolLoc,ppi,0.0006860007869125855
sub-spaceloc1011,pIPS,left,PFS,left,ToolLoc,ppi,0.015988596975702145
sub-spaceloc1011,pIPS,left,PFS,right,ToolLoc,ppi,0.0006860007869125855
sub-spaceloc1011,pIPS,left,aIPS,left,ToolLoc,ppi,0.015988596975702145
sub-spaceloc1011,pIPS,left,aIPS,right,ToolLoc,ppi,0.0006860007869125855
sub-spaceloc1011,pIPS,right,pIPS,left,ToolLoc,ppi,0.0031159762946038464
sub-spaceloc1011,pIPS,right,pIPS,right,ToolLoc,ppi,0.014429141836018546
sub-spaceloc1011,pIPS,right,LO,left,ToolLoc,ppi,0.0031159762946038464
sub-spaceloc1011,pIPS,right,LO,right,ToolLoc,ppi,0.014429141836018546
sub-spaceloc1011,pIPS,right,PFS,left,ToolLoc,ppi,0.0031159762946038464
sub-spaceloc1011,pIPS,right,PFS,right,ToolLoc,ppi,0.014429141836018546
sub-spaceloc1011,pIPS,right,aIPS,left,ToolLoc,ppi,0.0031159762946038464
sub-spaceloc1011,pIPS,right,aIPS,right,ToolLoc,ppi,0.014429141836018546
sub-spaceloc1011,LO,left,pIPS,left,ToolLoc,ppi,0.0006265398298733329
sub-spaceloc1011,LO,left,pIPS,right,ToolLoc,ppi,-0.010848025338821097
sub-spaceloc1011,LO,left,LO,left,ToolLoc,ppi,0.0006265398298733329
sub-spaceloc1011,LO,left,LO,right,ToolLoc,ppi,-0.010848025338821097
sub-spaceloc1011,LO,left,PFS,left,ToolLoc,ppi,0.0006265398298733329
sub-spaceloc1011,LO,left,PFS,right,ToolLoc,ppi,-0.010848025338821097
sub-spaceloc1011,LO,left,aIPS,left,ToolLoc,ppi,0.0006265398298733329
sub-spaceloc1011,LO,left,aIPS,right,ToolLoc,ppi,-0.010848025338821097
sub-spaceloc1011,LO,right,pIPS,left,ToolLoc,ppi,-0.01192073494026421
sub-spaceloc1011,LO,right,pIPS,right,ToolLoc,ppi,-0.015008577180663701
sub-spaceloc1011,LO,right,LO,left,ToolLoc,ppi,-0.01192073494026421
sub-spaceloc1011,LO,right,LO,right,ToolLoc,ppi,-0.015008577180663701
sub-spaceloc1011,LO,right,PFS,left,ToolLoc,ppi,-0.01192073494026421
sub-spaceloc1011,LO,right,PFS,right,ToolLoc,ppi,-0.015008577180663701
sub-spaceloc1011,LO,right,aIPS,left,ToolLoc,ppi,-0.01192073494026421
sub-spaceloc1011,LO,right,aIPS,right,ToolLoc,ppi,-0.015008577180663701
sub-spaceloc1011,PFS,left,pIPS,left,ToolLoc,ppi,-0.00020935590457936217
sub-spaceloc1011,PFS,left,pIPS,right,ToolLoc,ppi,-0.0005805908363651146
sub-spaceloc1011,PFS,left,LO,left,ToolLoc,ppi,-0.00020935590457936217
sub-spaceloc1011,PFS,left,LO,right,ToolLoc,ppi,-0.0005805908363651146
sub-spaceloc1011,PFS,left,PFS,left,ToolLoc,ppi,-0.00020935590457936217
sub-spaceloc1011,PFS,left,PFS,right,ToolLoc,ppi,-0.0005805908363651146
sub-spaceloc1011,PFS,left,aIPS,left,ToolLoc,ppi,-0.00020935590457936217
sub-spaceloc1011,PFS,left,aIPS,right,ToolLoc,ppi,-0.0005805908363651146
sub-spaceloc1011,PFS,right,pIPS,left,ToolLoc,ppi,-0.00045486326585627727
sub-spaceloc1011,PFS,right,pIPS,right,ToolLoc,ppi,0.00046399448937418957
sub-spaceloc1011,PFS,right,LO,left,ToolLoc,ppi,-0.00045486326585627727
sub-spaceloc1011,PFS,right,LO,right,ToolLoc,ppi,0.00046399448937418957
sub-spaceloc1011,PFS,right,PFS,left,ToolLoc,ppi,-0.00045486326585627727
sub-spaceloc1011,PFS,right,PFS,right,ToolLoc,ppi,0.00046399448937418957
sub-spaceloc1011,PFS,right,aIPS,left,ToolLoc,ppi,-0.00045486326585627727
sub-spaceloc1011,PFS,right,aIPS,right,ToolLoc,ppi,0.00046399448937418957
sub-spaceloc1011,aIPS,left,pIPS,left,ToolLoc,ppi,-0.01635880880629208
sub-spaceloc1011,aIPS,left,pIPS,right,ToolLoc,ppi,-0.01164205131223345
sub-spaceloc1011,aIPS,left,LO,left,ToolLoc,ppi,-0.01635880880629208
sub-spaceloc1011,aIPS,left,LO,right,ToolLoc,ppi,-0.01164205131223345
sub-spaceloc1011,aIPS,left,PFS,left,ToolLoc,ppi,-0.01635880880629208
sub-spaceloc1011,aIPS,left,PFS,right,ToolLoc,ppi,-0.01164205131223345
sub-spaceloc1011,aIPS,left,aIPS,left,ToolLoc,ppi,-0.01635880880629208
sub-spaceloc1011,aIPS,left,aIPS,right,ToolLoc,ppi,-0.01164205131223345
sub-spaceloc1011,aIPS,right,pIPS,left,ToolLoc,ppi,-0.012955340619814163
sub-spaceloc1011,aIPS,right,pIPS,right,ToolLoc,ppi,-0.010958032549061844
sub-spaceloc1011,aIPS,right,LO,left,ToolLoc,ppi,-0.012955340619814163
sub-spaceloc1011,aIPS,right,LO,right,ToolLoc,ppi,-0.010958032549061844
sub-spaceloc1011,aIPS,right,PFS,left,ToolLoc,ppi,-0.012955340619814163
sub-spaceloc1011,aIPS,right,PFS,right,ToolLoc,ppi,-0.010958032549061844
sub-spaceloc1011,aIPS,right,aIPS,left,ToolLoc,ppi,-0.012955340619814163
sub-spaceloc1011,aIPS,right,aIPS,right,ToolLoc,ppi,-0.010958032549061844
sub-spaceloc1012,pIPS,left,pIPS,left,ToolLoc,ppi,0.01771621941183896
sub-spaceloc1012,pIPS,left,pIPS,right,ToolLoc,ppi,0.016849461148455237
sub-spaceloc1012,pIPS,left,LO,left,ToolLoc,ppi,0.01771621941183896
sub-spaceloc1012,pIPS,left,LO,right,ToolLoc,ppi,0.016849461148455237
sub-spaceloc1012,pIPS,left,PFS,left,ToolLoc,ppi,0.01771621941183896
sub-spaceloc1012,pIPS,left,PFS,right,ToolLoc,ppi,0.016849461148455237
sub-spaceloc1012,pIPS,left,aIPS,left,ToolLoc,ppi,0.01771621941183896
sub-spaceloc1012,pIPS,left,aIPS,right,ToolLoc,ppi,0.016849461148455237
sub-spaceloc1012,pIPS,right,pIPS,left,ToolLoc,ppi,0.04154877113380834
sub-spaceloc1012,pIPS,right,pIPS,right,ToolLoc,ppi,0.04522560306941159
sub-spaceloc1012,pIPS,right,LO,left,ToolLoc,ppi,0.04154877113380834
sub-spaceloc1012,pIPS,right,LO,right,ToolLoc,ppi,0.04522560306941159
sub-spaceloc1012,pIPS,right,PFS,left,ToolLoc,ppi,0.04154877113380834
sub-spaceloc1012,pIPS,right,PFS,right,ToolLoc,ppi,0.04522560306941159
sub-spaceloc1012,pIPS,right,aIPS,left,ToolLoc,ppi,0.04154877113380834
sub-spaceloc1012,pIPS,right,aIPS,right,ToolLoc,ppi,0.04522560306941159
sub-spaceloc1012,LO,left,pIPS,left,ToolLoc,ppi,-0.0006557955057360232
sub-spaceloc1012,LO,left,pIPS,right,ToolLoc,ppi,0.012329637791046592
sub-spaceloc1012,LO,left,LO,left,ToolLoc,ppi,-0.0006557955057360232
sub-spaceloc1012,LO,left,LO,right,ToolLoc,ppi,0.012329637791046592
sub-spaceloc1012,LO,left,PFS,left,ToolLoc,ppi,-0.0006557955057360232
sub-spaceloc1012,LO,left,PFS,right,ToolLoc,ppi,0.012329637791046592
sub-spaceloc1012,LO,left,aIPS,left,ToolLoc,ppi,-0.0006557955057360232
sub-spaceloc1012,LO,left,aIPS,right,ToolLoc,ppi,0.012329637791046592
sub-spaceloc1012,LO,right,pIPS,left,ToolLoc,ppi,-0.0033635245416550326
sub-spaceloc1012,LO,right,pIPS,right,ToolLoc,ppi,0.013478182975318184
sub-spaceloc1012,LO,right,LO,left,ToolLoc,ppi,-0.0033635245416550326
sub-spaceloc1012,LO,right,LO,right,ToolLoc,ppi,0.013478182975318184
sub-spaceloc1012,LO,right,PFS,left,ToolLoc,ppi,-0.0033635245416550326
sub-spaceloc1012,LO,right,PFS,right,ToolLoc,ppi,0.013478182975318184
sub-spaceloc1012,LO,right,aIPS,left,ToolLoc,ppi,-0.0033635245416550326
sub-spaceloc1012,LO,right,aIPS,right,ToolLoc,ppi,0.013478182975318184
sub-spaceloc1012,PFS,left,pIPS,left,ToolLoc,ppi,0.007075977819373033
sub-spaceloc1012,PFS,left,pIPS,right,ToolLoc,ppi,0.011550522600406442
sub-spaceloc1012,PFS,left,LO,left,ToolLoc,ppi,0.007075977819373033
sub-spaceloc1012,PFS,left,LO,right,ToolLoc,ppi,0.011550522600406442
sub-spaceloc1012,PFS,left,PFS,left,ToolLoc,ppi,0.007075977819373033
sub-spaceloc1012,PFS,left,PFS,right,ToolLoc,ppi,0.011550522600406442
sub-spaceloc1012,PFS,left,aIPS,left,ToolLoc,ppi,0.007075977819373033
sub-spaceloc1012,PFS,left,aIPS,right,ToolLoc,ppi,0.011550522600406442
sub-spaceloc1012,PFS,right,pIPS,left,ToolLoc,ppi,0.00682905257157732
sub-spaceloc1012,PFS,right,pIPS,right,ToolLoc,ppi,0.010358602458092553
sub-spaceloc1012,PFS,right,LO,left,ToolLoc,ppi,0.00682905257157732
sub-spaceloc1012,PFS,right,LO,right,ToolLoc,ppi,0.010358602458092553
sub-spaceloc1012,PFS,right,PFS,left,ToolLoc,ppi,0.00682905257157732
sub-spaceloc1012,PFS,right,PFS,right,ToolLoc,ppi,0.010358602458092553
sub-spaceloc1012,PFS,right,aIPS,left,ToolLoc,ppi,0.00682905257157732
sub-spaceloc1012,PFS,right,aIPS,right,ToolLoc,ppi,0.010358602458092553
sub-spaceloc1012,aIPS,left,pIPS,left,ToolLoc,ppi,0.02957128443960271
sub-spaceloc1012,aIPS,left,pIPS,right,ToolLoc,ppi,0.025627278971710597
sub-spaceloc1012,aIPS,left,LO,left,ToolLoc,ppi,0.02957128443960271
sub-spaceloc1012,aIPS,left,LO,right,ToolLoc,ppi,0.025627278971710597
sub-spaceloc1012,aIPS,left,PFS,left,ToolLoc,ppi,0.02957128443960271
sub-spaceloc1012,aIPS,left,PFS,right,ToolLoc,ppi,0.025627278971710597
sub-spaceloc1012,aIPS,left,aIPS,left,ToolLoc,ppi,0.02957128443960271
sub-spaceloc1012,aIPS,left,aIPS,right,ToolLoc,ppi,0.025627278971710597
sub-spaceloc1012,aIPS,right,pIPS,left,ToolLoc,ppi,0.03630915695989351
sub-spaceloc1012,aIPS,right,pIPS,right,ToolLoc,ppi,0.020694950100732967
sub-spaceloc1012,aIPS,right,LO,left,ToolLoc,ppi,0.03630915695989351
sub-spaceloc1012,aIPS,right,LO,right,ToolLoc,ppi,0.020694950100732967
sub-spaceloc1012,aIPS,right,PFS,left,ToolLoc,ppi,0.03630915695989351
sub-spaceloc1012,aIPS,right,PFS,right,ToolLoc,ppi,0.020694950100732967
sub-spaceloc1012,aIPS,right,aIPS,left,ToolLoc,ppi,0.03630915695989351
sub-spaceloc1012,aIPS,right,aIPS,right,ToolLoc,ppi,0.020694950100732967
sub-spaceloc2013,pIPS,left,pIPS,left,ToolLoc,ppi,0.018927815220946366
sub-spaceloc2013,pIPS,left,pIPS,right,ToolLoc,ppi,0.004060051339963736
sub-spaceloc2013,pIPS,left,LO,left,ToolLoc,ppi,0.018927815220946366
sub-spaceloc2013,pIPS,left,LO,right,ToolLoc,ppi,0.004060051339963736
sub-spaceloc2013,pIPS,left,PFS,left,ToolLoc,ppi,0.018927815220946366
sub-spaceloc2013,pIPS,left,PFS,right,ToolLoc,ppi,0.004060051339963736
sub-spaceloc2013,pIPS,left,aIPS,left,ToolLoc,ppi,0.018927815220946366
sub-spaceloc2013,pIPS,left,aIPS,right,ToolLoc,ppi,0.004060051339963736
sub-spaceloc2013,pIPS,right,pIPS,left,ToolLoc,ppi,0.01585665454622358
sub-spaceloc2013,pIPS,right,pIPS,right,ToolLoc,ppi,-0.003207161292372909
sub-spaceloc2013,pIPS,right,LO,left,ToolLoc,ppi,0.01585665454622358
sub-spaceloc2013,pIPS,right,LO,right,ToolLoc,ppi,-0.003207161292372909
sub-spaceloc2013,pIPS,right,PFS,left,ToolLoc,ppi,0.01585665454622358
sub-spaceloc2013,pIPS,right,PFS,right,ToolLoc,ppi,-0.003207161292372909
sub-spaceloc2013,pIPS,right,aIPS,left,ToolLoc,ppi,0.01585665454622358
sub-spaceloc2013,pIPS,right,aIPS,right,ToolLoc,ppi,-0.003207161292372909
sub-spaceloc2013,LO,left,pIPS,left,ToolLoc,ppi,0.004763579551588025
sub-spaceloc2013,LO,left,pIPS,right,ToolLoc,ppi,0.015707378217999914
sub-spaceloc2013,LO,left,LO,left,ToolLoc,ppi,0.004763579551588025
sub-spaceloc2013,LO,left,LO,right,ToolLoc,ppi,0.015707378217999914
sub-spaceloc2013,LO,left,PFS,left,ToolLoc,ppi,0.004763579551588025
sub-spaceloc2013,LO,left,PFS,right,ToolLoc,ppi,0.015707378217999914
sub-spaceloc2013,LO,left,aIPS,left,ToolLoc,ppi,0.004763579551588025
sub-spaceloc2013,LO,left,aIPS,right,ToolLoc,ppi,0.015707378217999914
sub-spaceloc2013,LO,right,pIPS,left,ToolLoc,ppi,0.006655526788611161
sub-spaceloc2013,LO,right,pIPS,right,ToolLoc,ppi,0.011740333818036247
sub-spaceloc2013,LO,right,LO,left,ToolLoc,ppi,0.006655526788611161
sub-spaceloc2013,LO,right,LO,right,ToolLoc,ppi,0.011740333818036247
sub-spaceloc2013,LO,right,PFS,left,ToolLoc,ppi,0.006655526788611161
sub-spaceloc2013,LO,right,PFS,right,ToolLoc,ppi,0.011740333818036247
sub-spaceloc2013,LO,right,aIPS,left,ToolLoc,ppi,0.006655526788611161
sub-spaceloc2013,LO,right,aIPS,right,ToolLoc,ppi,0.011740333818036247
sub-spaceloc2013,PFS,left,pIPS,left,ToolLoc,ppi,-0.0023269401695610475
sub-spaceloc2013,PFS,left,pIPS,right,ToolLoc,ppi,0.007638753029327331
sub-spaceloc2013,PFS,left,LO,left,ToolLoc,ppi,-0.0023269401695610475
sub-spaceloc2013,PFS,left,LO,right,ToolLoc,ppi,0.007638753029327331
sub-spaceloc2013,PFS,left,PFS,left,ToolLoc,ppi,-0.0023269401695610475
sub-spaceloc2013,PFS,left,PFS,right,ToolLoc,ppi,0.007638753029327331
sub-spaceloc2013,PFS,left,aIPS,left,ToolLoc,ppi,-0.0023269401695610475
sub-spaceloc2013,PFS,left,aIPS,right,ToolLoc,ppi,0.007638753029327331
sub-spaceloc2013,PFS,right,pIPS,left,ToolLoc,ppi,0.0004036464594849219
sub-spaceloc2013,PFS,right,pIPS,right,ToolLoc,ppi,0.010291737889532339
sub-spaceloc2013,PFS,right,LO,left,ToolLoc,ppi,0.0004036464594849219
sub-spaceloc2013,PFS,right,LO,right,ToolLoc,ppi,0.010291737889532339
sub-spaceloc2013,PFS,right,PFS,left,ToolLoc,ppi,0.0004036464594849219
sub-spaceloc2013,PFS,right,PFS,right,ToolLoc,ppi,0.010291737889532339
sub-spaceloc2013,PFS,right,aIPS,left,ToolLoc,ppi,0.0004036464594849219
sub-spaceloc2013,PFS,right,aIPS,right,ToolLoc,ppi,0.010291737889532339
sub-spaceloc2013,aIPS,left,pIPS,left,ToolLoc,ppi,0.013390671946706439
sub-spaceloc2013,aIPS,left,pIPS,right,ToolLoc,ppi,-0.011162778129801154
sub-spaceloc2013,aIPS,left,LO,left,ToolLoc,ppi,0.013390671946706439
sub-spaceloc2013,aIPS,left,LO,right,ToolLoc,ppi,-0.011162778129801154
sub-spaceloc2013,aIPS,left,PFS,left,ToolLoc,ppi,0.013390671946706439
sub-spaceloc2013,aIPS,left,PFS,right,ToolLoc,ppi,-0.011162778129801154
sub-spaceloc2013,aIPS,left,aIPS,left,ToolLoc,ppi,0.013390671946706439
sub-spaceloc2013,aIPS,left,aIPS,right,ToolLoc,ppi,-0.011162778129801154
sub-spaceloc2013,aIPS,right,pIPS,left,ToolLoc,ppi,-0.001843196114283824
sub-spaceloc2013,aIPS,right,pIPS,right,ToolLoc,ppi,-0.011449226588191433
sub-spaceloc2013,aIPS,right,LO,left,ToolLoc,ppi,-0.001843196114283824
sub-spaceloc2013,aIPS,right,LO,right,ToolLoc,ppi,-0.011449226588191433
sub-spaceloc2013,aIPS,right,PFS,left,ToolLoc,ppi,-0.001843196114283824
sub-spaceloc2013,aIPS,right,PFS,right,ToolLoc,ppi,-0.011449226588191433
sub-spaceloc2013,aIPS,right,aIPS,left,ToolLoc,ppi,-0.001843196114283824
sub-spaceloc2013,aIPS,right,aIPS,right,ToolLoc,ppi,-0.011449226588191433
sub-spaceloc2014,pIPS,left,pIPS,left,ToolLoc,ppi,0.03484301615870841
sub-spaceloc2014,pIPS,left,pIPS,right,ToolLoc,ppi,0.0335520582089016
sub-spaceloc2014,pIPS,left,LO,left,ToolLoc,ppi,0.03484301615870841
sub-spaceloc2014,pIPS,left,LO,right,ToolLoc,ppi,0.0335520582089016
sub-spaceloc2014,pIPS,left,PFS,left,ToolLoc,ppi,0.03484301615870841
sub-spaceloc2014,pIPS,left,PFS,right,ToolLoc,ppi,0.0335520582089016
sub-spaceloc2014,pIPS,left,aIPS,left,ToolLoc,ppi,0.03484301615870841
sub-spaceloc2014,pIPS,left,aIPS,right,ToolLoc,ppi,0.0335520582089016
sub-spaceloc2014,pIPS,right,pIPS,left,ToolLoc,ppi,0.025718953071728997
sub-spaceloc2014,pIPS,right,pIPS,right,ToolLoc,ppi,0.02020564972137747
sub-spaceloc2014,pIPS,right,LO,left,ToolLoc,ppi,0.025718953071728997
sub-spaceloc2014,pIPS,right,LO,right,ToolLoc,ppi,0.02020564972137747
sub-spaceloc2014,pIPS,right,PFS,left,ToolLoc,ppi,0.025718953071728997
sub-spaceloc2014,pIPS,right,PFS,right,ToolLoc,ppi,0.02020564972137747
sub-spaceloc2014,pIPS,right,aIPS,left,ToolLoc,ppi,0.025718953071728997
sub-spaceloc2014,pIPS,right,aIPS,right,ToolLoc,ppi,0.02020564972137747
sub-spaceloc2014,LO,left,pIPS,left,ToolLoc,ppi,-0.039576328234448864
sub-spaceloc2014,LO,left,pIPS,right,ToolLoc,ppi,-0.02766923600523444
sub-spaceloc2014,LO,left,LO,left,ToolLoc,ppi,-0.039576328234448864
sub-spaceloc2014,LO,left,LO,right,ToolLoc,ppi,-0.02766923600523444
sub-spaceloc2014,LO,left,PFS,left,ToolLoc,ppi,-0.039576328234448864
sub-spaceloc2014,LO,left,PFS,right,ToolLoc,ppi,-0.02766923600523444
sub-spaceloc2014,LO,left,aIPS,left,ToolLoc,ppi,-0.039576328234448864
sub-spaceloc2014,LO,left,aIPS,right,ToolLoc,ppi,-0.02766923600523444
sub-spaceloc2014,LO,right,pIPS,left,ToolLoc,ppi,-0.032513608242560735
sub-spaceloc2014,LO,right,pIPS,right,ToolLoc,ppi,-0.024214800946884253
sub-spaceloc2014,LO,right,LO,left,ToolLoc,ppi,-0.032513608242560735
sub-spaceloc2014,LO,right,LO,right,ToolLoc,ppi,-0.024214800946884253
sub-spaceloc2014,LO,right,PFS,left,ToolLoc,ppi,-0.032513608242560735
sub-spaceloc2014,LO,right,PFS,right,ToolLoc,ppi,-0.024214800946884253
sub-spaceloc2014,LO,right,aIPS,left,ToolLoc,ppi,-0.032513608242560735
sub-spaceloc2014,LO,right,aIPS,right,ToolLoc,ppi,-0.024214800946884253
sub-spaceloc2014,PFS,left,pIPS,left,ToolLoc,ppi,-0.020341225783730415
sub-spaceloc2014,PFS,left,pIPS,right,ToolLoc,ppi,-0.015425890492571688
sub-spaceloc2014,PFS,left,LO,left,ToolLoc,ppi,-0.020341225783730415
sub-spaceloc2014,PFS,left,LO,right,ToolLoc,ppi,-0.015425890492571688
sub-spaceloc2014,PFS,left,PFS,left,ToolLoc,ppi,-0.020341225783730415
sub-spaceloc2014,PFS,left,PFS,right,ToolLoc,ppi,-0.015425890492571688
sub-spaceloc2014,PFS,left,aIPS,left,ToolLoc,ppi,-0.020341225783730415
sub-spaceloc2014,PFS,left,aIPS,right,ToolLoc,ppi,-0.015425890492571688
sub-spaceloc2014,PFS,right,pIPS,left,ToolLoc,ppi,-0.021300798686362605
sub-spaceloc2014,PFS,right,pIPS,right,ToolLoc,ppi,-0.014045104089150714
sub-spaceloc2014,PFS,right,LO,left,ToolLoc,ppi,-0.021300798686362605
sub-spaceloc2014,PFS,right,LO,right,ToolLoc,ppi,-0.014045104089150714
sub-spaceloc2014,PFS,right,PFS,left,ToolLoc,ppi,-0.021300798686362605
sub-spaceloc2014,PFS,right,PFS,right,ToolLoc,ppi,-0.014045104089150714
sub-spaceloc2014,PFS,right,aIPS,left,ToolLoc,ppi,-0.021300798686362605
sub-spaceloc2014,PFS,right,aIPS,right,ToolLoc,ppi,-0.014045104089150714
sub-spaceloc2014,aIPS,left,pIPS,left,ToolLoc,ppi,0.02555079989823077
sub-spaceloc2014,aIPS,left,pIPS,right,ToolLoc,ppi,0.01646384493556227
sub-spaceloc2014,aIPS,left,LO,left,ToolLoc,ppi,0.02555079989823077
sub-spaceloc2014,aIPS,left,LO,right,ToolLoc,ppi,0.01646384493556227
sub-spaceloc2014,aIPS,left,PFS,left,ToolLoc,ppi,0.02555079989823077
sub-spaceloc2014,aIPS,left,PFS,right,ToolLoc,ppi,0.01646384493556227
sub-spaceloc2014,aIPS,left,aIPS,left,ToolLoc,ppi,0.02555079989823077
sub-spaceloc2014,aIPS,left,aIPS,right,ToolLoc,ppi,0.01646384493556227
sub-spaceloc2014,aIPS,right,pIPS,left,ToolLoc,ppi,0.028767836930597663
sub-spaceloc2014,aIPS,right,pIPS,right,ToolLoc,ppi,0.006599379159336516
sub-spaceloc2014,aIPS,right,LO,left,ToolLoc,ppi,0.028767836930597663
sub-spaceloc2014,aIPS,right,LO,right,ToolLoc,ppi,0.006599379159336516
sub-spaceloc2014,aIPS,right,PFS,left,ToolLoc,ppi,0.028767836930597663
sub-spaceloc2014,aIPS,right,PFS,right,ToolLoc,ppi,0.006599379159336516
sub-spaceloc2014,aIPS,right,aIPS,left,ToolLoc,ppi,0.028767836930597663
sub-spaceloc2014,aIPS,right,aIPS,right,ToolLoc,ppi,0.006599379159336516
sub-spaceloc2015,pIPS,left,pIPS,left,ToolLoc,ppi,0.0075762454683528
sub-spaceloc2015,pIPS,left,pIPS,right,ToolLoc,ppi,0.01825447440952868
sub-spaceloc2015,pIPS,left,LO,left,ToolLoc,ppi,0.0075762454683528
sub-spaceloc2015,pIPS,left,LO,right,ToolLoc,ppi,0.01825447440952868
sub-spaceloc2015,pIPS,left,PFS,left,ToolLoc,ppi,0.0075762454683528
sub-spaceloc2015,pIPS,left,PFS,right,ToolLoc,ppi,0.01825447440952868
sub-spaceloc2015,pIPS,left,aIPS,left,ToolLoc,ppi,0.0075762454683528
sub-spaceloc2015,pIPS,left,aIPS,right,ToolLoc,ppi,0.01825447440952868
sub-spaceloc2015,pIPS,right,pIPS,left,ToolLoc,ppi,0.019449002090234147
sub-spaceloc2015,pIPS,right,pIPS,right,ToolLoc,ppi,0.01773033020934006
sub-spaceloc2015,pIPS,right,LO,left,ToolLoc,ppi,0.019449002090234147
sub-spaceloc2015,pIPS,right,LO,right,ToolLoc,ppi,0.01773033020934006
sub-spaceloc2015,pIPS,right,PFS,left,ToolLoc,ppi,0.019449002090234147
sub-spaceloc2015,pIPS,right,PFS,right,ToolLoc,ppi,0.01773033020934006
sub-spaceloc2015,pIPS,right,aIPS,left,ToolLoc,ppi,0.019449002090234147
sub-spaceloc2015,pIPS,right,aIPS,right,ToolLoc,ppi,0.01773033020934006
sub-spaceloc2015,LO,left,pIPS,left,ToolLoc,ppi,-0.013902142988068559
sub-spaceloc2015,LO,left,pIPS,right,ToolLoc,ppi,-0.01550127509816558
sub-spaceloc2015,LO,left,LO,left,ToolLoc,ppi,-0.013902142988068559
sub-spaceloc2015,LO,left,LO,right,ToolLoc,ppi,-0.01550127509816558
sub-spaceloc2015,LO,left,PFS,left,ToolLoc,ppi,-0.013902142988068559
sub-spaceloc2015,LO,left,PFS,right,ToolLoc,ppi,-0.01550127509816558
sub-spaceloc2015,LO,left,aIPS,left,ToolLoc,ppi,-0.013902142988068559
sub-spaceloc2015,LO,left,aIPS,right,ToolLoc,ppi,-0.01550127509816558
sub-spaceloc2015,LO,right,pIPS,left,ToolLoc,ppi,0.0013487743818315497
sub-spaceloc2015,LO,right,pIPS,right,ToolLoc,ppi,-0.013438591533067505
sub-spaceloc2015,LO,right,LO,left,ToolLoc,ppi,0.0013487743818315497
sub-spaceloc2015,LO,right,LO,right,ToolLoc,ppi,-0.013438591533067505
sub-spaceloc2015,LO,right,PFS,left,ToolLoc,ppi,0.0013487743818315497
sub-spaceloc2015,LO,right,PFS,right,ToolLoc,ppi,-0.013438591533067505
sub-spaceloc2015,LO,right,aIPS,left,ToolLoc,ppi,0.0013487743818315497
sub-spaceloc2015,LO,right,aIPS,right,ToolLoc,ppi,-0.013438591533067505
sub-spaceloc2015,PFS,left,pIPS,left,ToolLoc,ppi,-0.0038019685029472123
sub-spaceloc2015,PFS,left,pIPS,right,ToolLoc,ppi,-0.013782567554153502
sub-spaceloc2015,PFS,left,LO,left,ToolLoc,ppi,-0.0038019685029472123
sub-spaceloc2015,PFS,left,LO,right,ToolLoc,ppi,-0.013782567554153502
sub-spaceloc2015,PFS,left,PFS,left,ToolLoc,ppi,-0.0038019685029472123
sub-spaceloc2015,PFS,left,PFS,right,ToolLoc,ppi,-0.013782567554153502
sub-spaceloc2015,PFS,left,aIPS,left,ToolLoc,ppi,-0.0038019685029472123
sub-spaceloc2015,PFS,left,aIPS,right,ToolLoc,ppi,-0.013782567554153502
sub-spaceloc2015,PFS,right,pIPS,left,ToolLoc,ppi,0.001065086871416757
sub-spaceloc2015,PFS,right,pIPS,right,ToolLoc,ppi,-0.011473326023604551
sub-spaceloc2015,PFS,right,LO,left,ToolLoc,ppi,0.001065086871416757
sub-spaceloc2015,PFS,right,LO,right,ToolLoc,ppi,-0.011473326023604551
sub-spaceloc2015,PFS,right,PFS,left,ToolLoc,ppi,0.001065086871416757
sub-spaceloc2015,PFS,right,PFS,right,ToolLoc,ppi,-0.011473326023604551
sub-spaceloc2015,PFS,right,aIPS,left,ToolLoc,ppi,0.001065086871416757
sub-spaceloc2015,PFS,right,aIPS,right,ToolLoc,ppi,-0.011473326023604551
sub-spaceloc2015,aIPS,left,pIPS,left,ToolLoc,ppi,-0.012530933689366633
sub-spaceloc2015,aIPS,left,pIPS,right,ToolLoc,ppi,-0.0212393911025519
sub-spaceloc2015,aIPS,left,LO,left,ToolLoc,ppi,-0.012530933689366633
sub-spaceloc2015,aIPS,left,LO,right,ToolLoc,ppi,-0.0212393911025519
sub-spaceloc2015,aIPS,left,PFS,left,ToolLoc,ppi,-0.012530933689366633
sub-spaceloc2015,aIPS,left,PFS,right,ToolLoc,ppi,-0.0212393911025519
sub-spaceloc2015,aIPS,left,aIPS,left,ToolLoc,ppi,-0.012530933689366633
sub-spaceloc2015,aIPS,left,aIPS,right,ToolLoc,ppi,-0.0212393911025519
sub-spaceloc2015,aIPS,right,pIPS,left,ToolLoc,ppi,-0.007338378344792788
sub-spaceloc2015,aIPS,right,pIPS,right,ToolLoc,ppi,-0.015229051375705427
sub-spaceloc2015,aIPS,right,LO,left,ToolLoc,ppi,-0.007338378344792788
sub-spaceloc2015,aIPS,right,LO,right,ToolLoc,ppi,-0.015229051375705427
sub-spaceloc2015,aIPS,right,PFS,left,ToolLoc,ppi,-0.007338378344792788
sub-spaceloc2015,aIPS,right,PFS,right,ToolLoc,ppi,-0.015229051375705427
sub-spaceloc2015,aIPS,right,aIPS,left,ToolLoc,ppi,-0.007338378344792788
sub-spaceloc2015,aIPS,right,aIPS,right,ToolLoc,ppi,-0.015229051375705427
sub-spaceloc2016,pIPS,left,pIPS,left,ToolLoc,ppi,-0.008710503682200594
sub-spaceloc2016,pIPS,left,pIPS,right,ToolLoc,ppi,-0.002893721490722414
sub-spaceloc2016,pIPS,left,LO,left,ToolLoc,ppi,-0.008710503682200594
sub-spaceloc2016,pIPS,left,LO,right,ToolLoc,ppi,-0.002893721490722414
sub-spaceloc2016,pIPS,left,PFS,left,ToolLoc,ppi,-0.008710503682200594
sub-spaceloc2016,pIPS,left,PFS,right,ToolLoc,ppi,-0.002893721490722414
sub-spaceloc2016,pIPS,left,aIPS,left,ToolLoc,ppi,-0.008710503682200594
sub-spaceloc2016,pIPS,left,aIPS,right,ToolLoc,ppi,-0.002893721490722414
sub-spaceloc2016,pIPS,right,pIPS,left,ToolLoc,ppi,-0.004071885434424748
sub-spaceloc2016,pIPS,right,pIPS,right,ToolLoc,ppi,-0.008949253581483168
sub-spaceloc2016,pIPS,right,LO,left,ToolLoc,ppi,-0.004071885434424748
sub-spaceloc2016,pIPS,right,LO,right,ToolLoc,ppi,-0.008949253581483168
sub-spaceloc2016,pIPS,right,PFS,left,ToolLoc,ppi,-0.004071885434424748
sub-spaceloc2016,pIPS,right,PFS,right,ToolLoc,ppi,-0.008949253581483168
sub-spaceloc2016,pIPS,right,aIPS,left,ToolLoc,ppi,-0.004071885434424748
sub-spaceloc2016,pIPS,right,aIPS,right,ToolLoc,ppi,-0.008949253581483168
sub-spaceloc2016,LO,left,pIPS,left,ToolLoc,ppi,-0.01679915038607361
sub-spaceloc2016,LO,left,pIPS,right,ToolLoc,ppi,0.0020344932579056288
sub-spaceloc2016,LO,left,LO,left,ToolLoc,ppi,-0.01679915038607361
sub-spaceloc2016,LO,left,LO,right,ToolLoc,ppi,0.0020344932579056288
sub-spaceloc2016,LO,left,PFS,left,ToolLoc,ppi,-0.01679915038607361
sub-spaceloc2016,LO,left,PFS,right,ToolLoc,ppi,0.0020344932579056288
sub-spaceloc2016,LO,left,aIPS,left,ToolLoc,ppi,-0.01679915038607361
sub-spaceloc2016,LO,left,aIPS,right,ToolLoc,ppi,0.0020344932579056288
sub-spaceloc2016,LO,right,pIPS,left,ToolLoc,ppi,-0.005697945536731072
sub-spaceloc2016,LO,right,pIPS,right,ToolLoc,ppi,-0.001549535823483185
sub-spaceloc2016,LO,right,LO,left,ToolLoc,ppi,-0.005697945536731072
sub-spaceloc2016,LO,right,LO,right,ToolLoc,ppi,-0.001549535823483185
sub-spaceloc2016,LO,right,PFS,left,ToolLoc,ppi,-0.005697945536731072
sub-spaceloc2016,LO,right,PFS,right,ToolLoc,ppi,-0.001549535823483185
sub-spaceloc2016,LO,right,aIPS,left,ToolLoc,ppi,-0.005697945536731072
sub-spaceloc2016,LO,right,aIPS,right,ToolLoc,ppi,-0.001549535823483185
sub-spaceloc2016,PFS,left,pIPS,left,ToolLoc,ppi,0.0026825849911671995
sub-spaceloc2016,PFS,left,pIPS,right,ToolLoc,ppi,0.001004672155514444
sub-spaceloc2016,PFS,left,LO,left,ToolLoc,ppi,0.0026825849911671995
sub-spaceloc2016,PFS,left,LO,right,ToolLoc,ppi,0.001004672155514444
sub-spaceloc2016,PFS,left,PFS,left,ToolLoc,ppi,0.0026825849911671995
sub-spaceloc2016,PFS,left,PFS,right,ToolLoc,ppi,0.001004672155514444
sub-spaceloc2016,PFS,left,aIPS,left,ToolLoc,ppi,0.0026825849911671995
sub-spaceloc2016,PFS,left,aIPS,right,ToolLoc,ppi,0.001004672155514444
sub-spaceloc2016,PFS,right,pIPS,left,ToolLoc,ppi,0.0034822445994515355
sub-spaceloc2016,PFS,right,pIPS,right,ToolLoc,ppi,-0.0024639522916087035
sub-spaceloc2016,PFS,right,LO,left,ToolLoc,ppi,0.0034822445994515355
sub-spaceloc2016,PFS,right,LO,right,ToolLoc,ppi,-0.0024639522916087035
sub-spaceloc2016,PFS,right,PFS,left,ToolLoc,ppi,0.0034822445994515355
sub-spaceloc2016,PFS,right,PFS,right,ToolLoc,ppi,-0.0024639522916087035
sub-spaceloc2016,PFS,right,aIPS,left,ToolLoc,ppi,0.0034822445994515355
sub-spaceloc2016,PFS,right,aIPS,right,ToolLoc,ppi,-0.0024639522916087035
sub-spaceloc2016,aIPS,left,pIPS,left,ToolLoc,ppi,0.017991533618283654
sub-spaceloc2016,aIPS,left,pIPS,right,ToolLoc,ppi,0.008929188450565562
sub-spaceloc2016,aIPS,left,LO,left,ToolLoc,ppi,0.017991533618283654
sub-spaceloc2016,aIPS,left,LO,right,ToolLoc,ppi,0.008929188450565562
sub-spaceloc2016,aIPS,left,PFS,left,ToolLoc,ppi,0.017991533618283654
sub-spaceloc2016,aIPS,left,PFS,right,ToolLoc,ppi,0.008929188450565562
sub-spaceloc2016,aIPS,left,aIPS,left,ToolLoc,ppi,0.017991533618283654
sub-spaceloc2016,aIPS,left,aIPS,right,ToolLoc,ppi,0.008929188450565562
sub-spaceloc2016,aIPS,right,pIPS,left,ToolLoc,ppi,-0.0045747054188614794
sub-spaceloc2016,aIPS,right,pIPS,right,ToolLoc,ppi,-0.0032247069958147817
sub-spaceloc2016,aIPS,right,LO,left,ToolLoc,ppi,-0.0045747054188614794
sub-spaceloc2016,aIPS,right,LO,right,ToolLoc,ppi,-0.0032247069958147817
sub-spaceloc2016,aIPS,right,PFS,left,ToolLoc,ppi,-0.0045747054188614794
sub-spaceloc2016,aIPS,right,PFS,right,ToolLoc,ppi,-0.0032247069958147817
sub-spaceloc2016,aIPS,right,aIPS,left,ToolLoc,ppi,-0.0045747054188614794
sub-spaceloc2016,aIPS,right,aIPS,right,ToolLoc,ppi,-0.0032247069958147817
sub-spaceloc2017,pIPS,left,pIPS,left,ToolLoc,ppi,0.01772160569772772
sub-spaceloc2017,pIPS,left,pIPS,right,ToolLoc,ppi,0.02942130243330187
sub-spaceloc2017,pIPS,left,LO,left,ToolLoc,ppi,0.01772160569772772
sub-spaceloc2017,pIPS,left,LO,right,ToolLoc,ppi,0.02942130243330187
sub-spaceloc2017,pIPS,left,PFS,left,ToolLoc,ppi,0.01772160569772772
sub-spaceloc2017,pIPS,left,PFS,right,ToolLoc,ppi,0.02942130243330187
sub-spaceloc2017,pIPS,left,aIPS,left,ToolLoc,ppi,0.01772160569772772
sub-spaceloc2017,pIPS,left,aIPS,right,ToolLoc,ppi,0.02942130243330187
sub-spaceloc2017,pIPS,right,pIPS,left,ToolLoc,ppi,0.004021254230579159
sub-spaceloc2017,pIPS,right,pIPS,right,ToolLoc,ppi,0.0022733693495120117
sub-spaceloc2017,pIPS,right,LO,left,ToolLoc,ppi,0.004021254230579159
sub-spaceloc2017,pIPS,right,LO,right,ToolLoc,ppi,0.0022733693495120117
sub-spaceloc2017,pIPS,right,PFS,left,ToolLoc,ppi,0.004021254230579159
sub-spaceloc2017,pIPS,right,PFS,right,ToolLoc,ppi,0.0022733693495120117
sub-spaceloc2017,pIPS,right,aIPS,left,ToolLoc,ppi,0.004021254230579159
sub-spaceloc2017,pIPS,right,aIPS,right,ToolLoc,ppi,0.0022733693495120117
sub-spaceloc2017,LO,left,pIPS,left,ToolLoc,ppi,-0.00998872484023307
sub-spaceloc2017,LO,left,pIPS,right,ToolLoc,ppi,0.02497587431906269
sub-spaceloc2017,LO,left,LO,left,ToolLoc,ppi,-0.00998872484023307
sub-spaceloc2017,LO,left,LO,right,ToolLoc,ppi,0.02497587431906269
sub-spaceloc2017,LO,left,PFS,left,ToolLoc,ppi,-0.00998872484023307
sub-spaceloc2017,LO,left,PFS,right,ToolLoc,ppi,0.02497587431906269
sub-spaceloc2017,LO,left,aIPS,left,ToolLoc,ppi,-0.00998872484023307
sub-spaceloc2017,LO,left,aIPS,right,ToolLoc,ppi,0.02497587431906269
sub-spaceloc2017,LO,right,pIPS,left,ToolLoc,ppi,-0.011345299790519405
sub-spaceloc2017,LO,right,pIPS,right,ToolLoc,ppi,0.01483438058706841
sub-spaceloc2017,LO,right,LO,left,ToolLoc,ppi,-0.011345299790519405
sub-spaceloc2017,LO,right,LO,right,ToolLoc,ppi,0.01483438058706841
sub-spaceloc2017,LO,right,PFS,left,ToolLoc,ppi,-0.011345299790519405
sub-spaceloc2017,LO,right,PFS,right,ToolLoc,ppi,0.01483438058706841
sub-spaceloc2017,LO,right,aIPS,left,ToolLoc,ppi,-0.011345299790519405
sub-spaceloc2017,LO,right,aIPS,right,ToolLoc,ppi,0.01483438058706841
sub-spaceloc2017,PFS,left,pIPS,left,ToolLoc,ppi,-0.0008696593869379805
sub-spaceloc2017,PFS,left,pIPS,right,ToolLoc,ppi,-0.013590464419261976
sub-spaceloc2017,PFS,left,LO,left,ToolLoc,ppi,-0.0008696593869379805
sub-spaceloc2017,PFS,left,LO,right,ToolLoc,ppi,-0.013590464419261976
sub-spaceloc2017,PFS,left,PFS,left,ToolLoc,ppi,-0.0008696593869379805
sub-spaceloc2017,PFS,left,PFS,right,ToolLoc,ppi,-0.013590464419261976
sub-spaceloc2017,PFS,left,aIPS,left,ToolLoc,ppi,-0.0008696593869379805
sub-spaceloc2017,PFS,left,aIPS,right,ToolLoc,ppi,-0.013590464419261976
sub-spaceloc2017,PFS,right,pIPS,left,ToolLoc,ppi,-0.003042309183553828
sub-spaceloc2017,PFS,right,pIPS,right,ToolLoc,ppi,-0.01346039554654536
sub-spaceloc2017,PFS,right,LO,left,ToolLoc,ppi,-0.003042309183553828
sub-spaceloc2017,PFS,right,LO,right,ToolLoc,ppi,-0.01346039554654536
sub-spaceloc2017,PFS,right,PFS,left,ToolLoc,ppi,-0.003042309183553828
sub-spaceloc2017,PFS,right,PFS,right,ToolLoc,ppi,-0.01346039554654536
sub-spaceloc2017,PFS,right,aIPS,left,ToolLoc,ppi,-0.003042309183553828
sub-spaceloc2017,PFS,right,aIPS,right,ToolLoc,ppi,-0.01346039554654536
sub-spaceloc2017,aIPS,left,pIPS,left,ToolLoc,ppi,0.007800134248634237
sub-spaceloc2017,aIPS,left,pIPS,right,ToolLoc,ppi,-0.026739364924463282
sub-spaceloc2017,aIPS,left,LO,left,ToolLoc,ppi,0.007800134248634237
sub-spaceloc2017,aIPS,left,LO,right,ToolLoc,ppi,-0.026739364924463282
sub-spaceloc2017,aIPS,left,PFS,left,ToolLoc,ppi,0.007800134248634237
sub-spaceloc2017,aIPS,left,PFS,right,ToolLoc,ppi,-0.026739364924463282
sub-spaceloc2017,aIPS,left,aIPS,left,ToolLoc,ppi,0.007800134248634237
sub-spaceloc2017,aIPS,left,aIPS,right,ToolLoc,ppi,-0.026739364924463282
sub-spaceloc2017,aIPS,right,pIPS,left,ToolLoc,ppi,0.0035658179536149966
sub-spaceloc2017,aIPS,right,pIPS,right,ToolLoc,ppi,-0.005922074428687258
sub-spaceloc2017,aIPS,right,LO,left,ToolLoc,ppi,0.0035658179536149966
sub-spaceloc2017,aIPS,right,LO,right,ToolLoc,ppi,-0.005922074428687258
sub-spaceloc2017,aIPS,right,PFS,left,ToolLoc,ppi,0.0035658179536149966
sub-spaceloc2017,aIPS,right,PFS,right,ToolLoc,ppi,-0.005922074428687258
sub-spaceloc2017,aIPS,right,aIPS,left,ToolLoc,ppi,0.0035658179536149966
sub-spaceloc2017,aIPS,right,aIPS,right,ToolLoc,ppi,-0.005922074428687258
sub-spaceloc2018,pIPS,left,pIPS,left,ToolLoc,ppi,0.022524521849118174
sub-spaceloc2018,pIPS,left,pIPS,right,ToolLoc,ppi,0.08199238334992179
sub-spaceloc2018,pIPS,left,LO,left,ToolLoc,ppi,0.022524521849118174
sub-spaceloc2018,pIPS,left,LO,right,ToolLoc,ppi,0.08199238334992179
sub-spaceloc2018,pIPS,left,PFS,left,ToolLoc,ppi,0.022524521849118174
sub-spaceloc2018,pIPS,left,PFS,right,ToolLoc,ppi,0.08199238334992179
sub-spaceloc2018,pIPS,left,aIPS,left,ToolLoc,ppi,0.022524521849118174
sub-spaceloc2018,pIPS,left,aIPS,right,ToolLoc,ppi,0.08199238334992179
sub-spaceloc2018,pIPS,right,pIPS,left,ToolLoc,ppi,0.002171793812379727
sub-spaceloc2018,pIPS,right,pIPS,right,ToolLoc,ppi,0.00829689907484797
sub-spaceloc2018,pIPS,right,LO,left,ToolLoc,ppi,0.002171793812379727
sub-spaceloc2018,pIPS,right,LO,right,ToolLoc,ppi,0.00829689907484797
sub-spaceloc2018,pIPS,right,PFS,left,ToolLoc,ppi,0.002171793812379727
sub-spaceloc2018,pIPS,right,PFS,right,ToolLoc,ppi,0.00829689907484797
sub-spaceloc2018,pIPS,right,aIPS,left,ToolLoc,ppi,0.002171793812379727
sub-spaceloc2018,pIPS,right,aIPS,right,ToolLoc,ppi,0.00829689907484797
sub-spaceloc2018,LO,left,pIPS,left,ToolLoc,ppi,-0.004021756011960015
sub-spaceloc2018,LO,left,pIPS,right,ToolLoc,ppi,-0.008808102793667045
sub-spaceloc2018,LO,left,LO,left,ToolLoc,ppi,-0.004021756011960015
sub-spaceloc2018,LO,left,LO,right,ToolLoc,ppi,-0.008808102793667045
sub-spaceloc2018,LO,left,PFS,left,ToolLoc,ppi,-0.004021756011960015
sub-spaceloc2018,LO,left,PFS,right,ToolLoc,ppi,-0.008808102793667045
sub-spaceloc2018,LO,left,aIPS,left,ToolLoc,ppi,-0.004021756011960015
sub-spaceloc2018,LO,left,aIPS,right,ToolLoc,ppi,-0.008808102793667045
sub-spaceloc2018,LO,right,pIPS,left,ToolLoc,ppi,-0.0034953766889086915
sub-spaceloc2018,LO,right,pIPS,right,ToolLoc,ppi,-0.006508264123499229
sub-spaceloc2018,LO,right,LO,left,ToolLoc,ppi,-0.0034953766889086915
sub-spaceloc2018,LO,right,LO,right,ToolLoc,ppi,-0.006508264123499229
sub-spaceloc2018,LO,right,PFS,left,ToolLoc,ppi,-0.0034953766889086915
sub-spaceloc2018,LO,right,PFS,right,ToolLoc,ppi,-0.006508264123499229
sub-spaceloc2018,LO,right,aIPS,left,ToolLoc,ppi,-0.0034953766889086915
sub-spaceloc2018,LO,right,aIPS,right,ToolLoc,ppi,-0.006508264123499229
sub-spaceloc2018,PFS,left,pIPS,left,ToolLoc,ppi,-0.008671605307816728
sub-spaceloc2018,PFS,left,pIPS,right,ToolLoc,ppi,-0.005664892209990119
sub-spaceloc2018,PFS,left,LO,left,ToolLoc,ppi,-0.008671605307816728
sub-spaceloc2018,PFS,left,LO,right,ToolLoc,ppi,-0.005664892209990119
sub-spaceloc2018,PFS,left,PFS,left,ToolLoc,ppi,-0.008671605307816728
sub-spaceloc2018,PFS,left,PFS,right,ToolLoc,ppi,-0.005664892209990119
sub-spaceloc2018,PFS,left,aIPS,left,ToolLoc,ppi,-0.008671605307816728
sub-spaceloc2018,PFS,left,aIPS,right,ToolLoc,ppi,-0.005664892209990119
sub-spaceloc2018,PFS,right,pIPS,left,ToolLoc,ppi,-0.008252753954626055
sub-spaceloc2018,PFS,right,pIPS,right,ToolLoc,ppi,-0.005213800829634155
sub-spaceloc2018,PFS,right,LO,left,ToolLoc,ppi,-0.008252753954626055
sub-spaceloc2018,PFS,right,LO,right,ToolLoc,ppi,-0.005213800829634155
sub-spaceloc2018,PFS,right,PFS,left,ToolLoc,ppi,-0.008252753954626055
sub-spaceloc2018,PFS,right,PFS,right,ToolLoc,ppi,-0.005213800829634155
sub-spaceloc2018,PFS,right,aIPS,left,ToolLoc,ppi,-0.008252753954626055
sub-spaceloc2018,PFS,right,aIPS,right,ToolLoc,ppi,-0.005213800829634155
sub-spaceloc2018,aIPS,left,pIPS,left,ToolLoc,ppi,-0.013147317166781958
sub-spaceloc2018,aIPS,left,pIPS,right,ToolLoc,ppi,-0.030853597581755883
sub-spaceloc2018,aIPS,left,LO,left,ToolLoc,ppi,-0.013147317166781958
sub-spaceloc2018,aIPS,left,LO,right,ToolLoc,ppi,-0.030853597581755883
sub-spaceloc2018,aIPS,left,PFS,left,ToolLoc,ppi,-0.013147317166781958
sub-spaceloc2018,aIPS,left,PFS,right,ToolLoc,ppi,-0.030853597581755883
sub-spaceloc2018,aIPS,left,aIPS,left,ToolLoc,ppi,-0.013147317166781958
sub-spaceloc2018,aIPS,left,aIPS,right,ToolLoc,ppi,-0.030853597581755883
sub-spaceloc2018,aIPS,right,pIPS,left,ToolLoc,ppi,-0.02629946620703393
sub-spaceloc2018,aIPS,right,pIPS,right,ToolLoc,ppi,-0.02586104914321211
sub-spaceloc2018,aIPS,right,LO,left,ToolLoc,ppi,-0.02629946620703393
sub-spaceloc2018,aIPS,right,LO,right,ToolLoc,ppi,-0.02586104914321211
sub-spaceloc2018,aIPS,right,PFS,left,ToolLoc,ppi,-0.02629946620703393
sub-spaceloc2018,aIPS,right,PFS,right,ToolLoc,ppi,-0.02586104914321211
sub-spaceloc2018,aIPS,right,aIPS,left,ToolLoc,ppi,-0.02629946620703393
sub-spaceloc2018,aIPS,right,aIPS,right,ToolLoc,ppi,-0.02586104914321211
