ROI_ID,ROI_Name,Clean_Name,Mean_Difference,p_value,t_stat,Significant,Effect_Size,N_pairs,Lobe,Hemisphere
b'17Networks_LH_VisCent_ExStr_5',Wang_b'17Networks_LH_VisCent_ExStr_5',b'17Networks_LH_VisCent_ExStr_5',-0.8618941619558067,1.1276661701775262e-51,-16.299666297533324,True,-0.5810203545183288,787,Occipital,L
b'17Networks_LH_ContB_IPL_1',Wang_b'17Networks_LH_ContB_IPL_1',b'17Networks_LH_ContB_IPL_1',0.0,,,False,,455,Frontal,L
b'17Networks_LH_VisCent_ExStr_2',Wang_b'17Networks_LH_VisCent_ExStr_2',b'17Networks_LH_VisCent_ExStr_2',-0.9402532113969231,9.651604483648887e-159,-34.631436367842525,True,-1.252102224365623,765,Occipital,L
b'17Networks_RH_DorsAttnA_SPL_3',Wang_b'17Networks_RH_DorsAttnA_SPL_3',b'17Networks_RH_DorsAttnA_SPL_3',0.0,,,False,,555,Temporal,R
b'17Networks_RH_ContB_PFCld_1',Wang_b'17Networks_RH_ContB_PFCld_1',b'17Networks_RH_ContB_PFCld_1',0.6083656805107022,2.3020120930674847e-28,11.85138035487288,True,0.5599250912826795,448,Frontal,R
b'17Networks_LH_VisCent_ExStr_4',Wang_b'17Networks_LH_VisCent_ExStr_4',b'17Networks_LH_VisCent_ExStr_4',-3.182554941565023,1.0507216152904772e-242,-48.280406883788395,True,-1.678874244539245,827,Occipital,L
b'17Networks_RH_ContB_IPL_2',Wang_b'17Networks_RH_ContB_IPL_2',b'17Networks_RH_ContB_IPL_2',0.0,,,False,,410,Frontal,R
b'17Networks_LH_VisCent_Striate_1',Wang_b'17Networks_LH_VisCent_Striate_1',b'17Networks_LH_VisCent_Striate_1',-1.6088554134013084,4.056744202499048e-272,-53.54924425821947,True,-1.853148012878752,835,Occipital,L
b'17Networks_RH_SalVentAttnA_ParMed_1',Wang_b'17Networks_RH_SalVentAttnA_ParMed_1',b'17Networks_RH_SalVentAttnA_ParMed_1',-2.671315084510487,4.1345143404285646e-68,-24.864628061300557,True,-1.6083590855991554,239,Frontal,R
b'17Networks_RH_DorsAttnA_SPL_1',Wang_b'17Networks_RH_DorsAttnA_SPL_1',b'17Networks_RH_DorsAttnA_SPL_1',-0.5837727029095042,7.90836602071889e-38,-13.543014908839057,True,-0.47468242690671664,814,Temporal,R
b'17Networks_RH_SalVentAttnA_ParMed_2',Wang_b'17Networks_RH_SalVentAttnA_ParMed_2',b'17Networks_RH_SalVentAttnA_ParMed_2',-2.5742520713320993,4.4425966323160276e-148,-35.48440629724047,True,-1.464598188565136,587,Frontal,R
b'17Networks_RH_DefaultA_PFCm_1',Wang_b'17Networks_RH_DefaultA_PFCm_1',b'17Networks_RH_DefaultA_PFCm_1',-0.26326217298551424,1.2459057205589796e-12,-7.257773238069947,True,-0.29854489858728894,591,Frontal,R
b'17Networks_LH_DefaultB_PFCv_4',Wang_b'17Networks_LH_DefaultB_PFCv_4',b'17Networks_LH_DefaultB_PFCv_4',0.0,,,False,,842,Frontal,L
b'17Networks_LH_DorsAttnA_SPL_3',Wang_b'17Networks_LH_DorsAttnA_SPL_3',b'17Networks_LH_DorsAttnA_SPL_3',-0.23513382525050686,2.0862012956881949e-07,-5.304513282824545,True,-0.29289274845330426,328,Temporal,L
b'17Networks_RH_ContB_PFCld_3',Wang_b'17Networks_RH_ContB_PFCld_3',b'17Networks_RH_ContB_PFCld_3',-0.16162226589879977,0.0001174757121936597,-3.8842259971656596,True,-0.17954841023424398,468,Frontal,R
b'17Networks_RH_ContC_pCun_2',Wang_b'17Networks_RH_ContC_pCun_2',b'17Networks_RH_ContC_pCun_2',-0.3193618960044935,4.7095828405015555e-14,-7.73556554894728,True,-0.3240071863023163,570,Frontal,R
b'17Networks_LH_SalVentAttnA_ParMed_1',Wang_b'17Networks_LH_SalVentAttnA_ParMed_1',b'17Networks_LH_SalVentAttnA_ParMed_1',-1.8924113648264462,3.0966632282251906e-112,-27.915113218010728,True,-1.1112831106872916,631,Frontal,L
b'17Networks_LH_SomMotB_Cent_1',Wang_b'17Networks_LH_SomMotB_Cent_1',b'17Networks_LH_SomMotB_Cent_1',-1.3911938380710462,9.243502805611067e-96,-23.724903671583824,True,-0.8156789904104939,846,Somatomotor,L
b'17Networks_RH_DorsAttnB_PostC_4',Wang_b'17Networks_RH_DorsAttnB_PostC_4',b'17Networks_RH_DorsAttnB_PostC_4',0.0,,,False,,605,Temporal,R
b'17Networks_LH_TempPar_1',Wang_b'17Networks_LH_TempPar_1',b'17Networks_LH_TempPar_1',0.0,,,False,,806,Other,L
b'17Networks_LH_ContB_PFClv_1',Wang_b'17Networks_LH_ContB_PFClv_1',b'17Networks_LH_ContB_PFClv_1',0.42313411491045766,6.070447737347911e-21,9.745037002298023,True,0.395538850390577,607,Frontal,L
b'17Networks_RH_SalVentAttnB_IPL_1',Wang_b'17Networks_RH_SalVentAttnB_IPL_1',b'17Networks_RH_SalVentAttnB_IPL_1',0.0,,,False,,433,Frontal,R
b'17Networks_LH_SomMotB_S2_1',Wang_b'17Networks_LH_SomMotB_S2_1',b'17Networks_LH_SomMotB_S2_1',-0.1092983725036836,1.1134203723863509e-05,-4.439450642068132,True,-0.19953846748631243,495,Somatomotor,L
b'17Networks_LH_VisCent_ExStr_1',Wang_b'17Networks_LH_VisCent_ExStr_1',b'17Networks_LH_VisCent_ExStr_1',-0.1704719856289033,9.476654398952836e-16,-8.151801856122571,True,-0.24282402679125317,1127,Occipital,L
b'17Networks_LH_ContB_PFCl_1',Wang_b'17Networks_LH_ContB_PFCl_1',b'17Networks_LH_ContB_PFCl_1',-0.16718526537645828,4.926656229924619e-10,-6.313527152304444,True,-0.24211271409773744,680,Frontal,L
b'17Networks_LH_VisPeri_StriCal_1',Wang_b'17Networks_LH_VisPeri_StriCal_1',b'17Networks_LH_VisPeri_StriCal_1',-3.92090626454383,0.0,-67.10710323829196,True,-2.1887923671816703,940,Occipital,L
b'17Networks_RH_DefaultB_AntTemp_1',Wang_b'17Networks_RH_DefaultB_AntTemp_1',b'17Networks_RH_DefaultB_AntTemp_1',-2.4782586975939256,0.0,-88.98575508823856,True,-2.7344658876758827,1059,Frontal,R
b'17Networks_LH_SalVentAttnA_FrOper_2',Wang_b'17Networks_LH_SalVentAttnA_FrOper_2',b'17Networks_LH_SalVentAttnA_FrOper_2',0.0,,,False,,495,Frontal,L
b'17Networks_LH_LimbicA_TempPole_2',Wang_b'17Networks_LH_LimbicA_TempPole_2',b'17Networks_LH_LimbicA_TempPole_2',-1.117080635068038,3.802147496722301e-88,-22.00362076042376,True,-0.6879491434809549,1023,Temporal,L
b'17Networks_RH_SalVentAttnB_Ins_1',Wang_b'17Networks_RH_SalVentAttnB_Ins_1',b'17Networks_RH_SalVentAttnB_Ins_1',0.0,,,False,,242,Insular,R
b'17Networks_RH_DefaultA_pCunPCC_1',Wang_b'17Networks_RH_DefaultA_pCunPCC_1',b'17Networks_RH_DefaultA_pCunPCC_1',-0.003076662725461456,0.3175725936413417,-0.9999999999999994,False,-0.032897584747988436,924,Frontal,R
b'17Networks_RH_DorsAttnB_FEF_1',Wang_b'17Networks_RH_DorsAttnB_FEF_1',b'17Networks_RH_DorsAttnB_FEF_1',-0.6623242131655712,9.914276312069875e-29,-11.845945298877929,True,-0.527137647163852,505,Temporal,R
b'17Networks_LH_ContA_Temp_1',Wang_b'17Networks_LH_ContA_Temp_1',b'17Networks_LH_ContA_Temp_1',-2.7511500009543046,3.216671326532439e-174,-39.82560153950152,True,-1.5854321642247557,631,Frontal,L
b'17Networks_LH_SalVentAttnB_IPL_1',Wang_b'17Networks_LH_SalVentAttnB_IPL_1',b'17Networks_LH_SalVentAttnB_IPL_1',0.0,,,False,,534,Frontal,L
b'17Networks_LH_ContA_PFCl_2',Wang_b'17Networks_LH_ContA_PFCl_2',b'17Networks_LH_ContA_PFCl_2',0.0,,,False,,414,Frontal,L
b'17Networks_LH_DefaultA_PFCm_3',Wang_b'17Networks_LH_DefaultA_PFCm_3',b'17Networks_LH_DefaultA_PFCm_3',-0.10594139020987708,2.3213785495524683e-06,-4.767835360948436,True,-0.19101929019893887,623,Frontal,L
b'17Networks_RH_SalVentAttnA_FrMed_2',Wang_b'17Networks_RH_SalVentAttnA_FrMed_2',b'17Networks_RH_SalVentAttnA_FrMed_2',-0.07438093172081124,0.0001009876339739113,-3.914171516670826,True,-0.15874061649597337,608,Frontal,R
b'17Networks_RH_DefaultB_Temp_1',Wang_b'17Networks_RH_DefaultB_Temp_1',b'17Networks_RH_DefaultB_Temp_1',0.0,,,False,,476,Frontal,R
b'17Networks_RH_DorsAttnB_PostC_2',Wang_b'17Networks_RH_DorsAttnB_PostC_2',b'17Networks_RH_DorsAttnB_PostC_2',0.0,,,False,,424,Temporal,R
b'17Networks_RH_SomMotA_1',Wang_b'17Networks_RH_SomMotA_1',b'17Networks_RH_SomMotA_1',-0.00033124993669386417,0.9719264410416526,-0.03521120031744995,False,-0.0016311273569212703,466,Somatomotor,R
b'17Networks_RH_SomMotA_8',Wang_b'17Networks_RH_SomMotA_8',b'17Networks_RH_SomMotA_8',0.0,,,False,,655,Somatomotor,R
b'17Networks_RH_TempPar_1',Wang_b'17Networks_RH_TempPar_1',b'17Networks_RH_TempPar_1',-0.25619348488521987,3.5546904390204096e-12,-7.076328132017437,True,-0.265196608833998,712,Other,R
b'17Networks_LH_DefaultC_IPL_1',Wang_b'17Networks_LH_DefaultC_IPL_1',b'17Networks_LH_DefaultC_IPL_1',-0.01146168317196274,0.1578963840943208,-1.4138754230714168,False,-0.05650982712984542,626,Frontal,L
b'17Networks_LH_SomMotA_5',Wang_b'17Networks_LH_SomMotA_5',b'17Networks_LH_SomMotA_5',-0.010728006451006716,0.21395812425639976,-1.2449069842485938,False,-0.06480726897716753,369,Somatomotor,L
b'17Networks_RH_ContA_PFCd_1',Wang_b'17Networks_RH_ContA_PFCd_1',b'17Networks_RH_ContA_PFCd_1',-1.0392741880653884,2.2275863410182998e-60,-18.30575230959867,True,-0.7275883334486472,633,Frontal,R
b'17Networks_RH_SalVentAttnB_PFCmp_1',Wang_b'17Networks_RH_SalVentAttnB_PFCmp_1',b'17Networks_RH_SalVentAttnB_PFCmp_1',-3.982618241729767,0.0,-78.36252131516663,True,-3.1072760894932387,636,Frontal,R
b'17Networks_RH_SalVentAttnA_PrC_1',Wang_b'17Networks_RH_SalVentAttnA_PrC_1',b'17Networks_RH_SalVentAttnA_PrC_1',0.0,,,False,,409,Frontal,R
b'17Networks_LH_SomMotB_Aud_3',Wang_b'17Networks_LH_SomMotB_Aud_3',b'17Networks_LH_SomMotB_Aud_3',0.0,,,False,,576,Somatomotor,L
b'17Networks_RH_SomMotA_4',Wang_b'17Networks_RH_SomMotA_4',b'17Networks_RH_SomMotA_4',0.7244942993871459,5.2928468200328535e-23,10.60094568172445,True,0.5610615422508654,357,Somatomotor,R
b'17Networks_LH_DorsAttnB_PostC_3',Wang_b'17Networks_LH_DorsAttnB_PostC_3',b'17Networks_LH_DorsAttnB_PostC_3',0.0,,,False,,369,Temporal,L
b'17Networks_LH_DefaultB_PFCd_2',Wang_b'17Networks_LH_DefaultB_PFCd_2',b'17Networks_LH_DefaultB_PFCd_2',-0.1682947127057475,4.744049603540387e-10,-6.313300692037228,True,-0.233665741910474,730,Frontal,L
b'17Networks_RH_DefaultA_PFCm_2',Wang_b'17Networks_RH_DefaultA_PFCm_2',b'17Networks_RH_DefaultA_PFCm_2',-3.3623398528674957,2.3725857218590933e-43,-22.3885832821143,True,-2.0968829443443364,114,Frontal,R
b'17Networks_LH_DefaultA_IPL_1',Wang_b'17Networks_LH_DefaultA_IPL_1',b'17Networks_LH_DefaultA_IPL_1',0.0,,,False,,1073,Frontal,L
b'17Networks_RH_ContB_PFClv_2',Wang_b'17Networks_RH_ContB_PFClv_2',b'17Networks_RH_ContB_PFClv_2',0.653716369638554,4.491648360533392e-149,32.6647562830137,True,1.157771589760318,796,Frontal,R
b'17Networks_RH_SalVentAttnB_Ins_2',Wang_b'17Networks_RH_SalVentAttnB_Ins_2',b'17Networks_RH_SalVentAttnB_Ins_2',0.0,,,False,,364,Insular,R
b'17Networks_RH_DefaultC_Rsp_1',Wang_b'17Networks_RH_DefaultC_Rsp_1',b'17Networks_RH_DefaultC_Rsp_1',0.0,,,False,,484,Frontal,R
b'17Networks_LH_DorsAttnA_SPL_2',Wang_b'17Networks_LH_DorsAttnA_SPL_2',b'17Networks_LH_DorsAttnA_SPL_2',-2.831277614916015,6.503036363052292e-285,-67.18802766849997,True,-2.7114881252538616,614,Temporal,L
b'17Networks_RH_VisPeri_ExStrSup_2',Wang_b'17Networks_RH_VisPeri_ExStrSup_2',b'17Networks_RH_VisPeri_ExStrSup_2',-1.1995212686293744,1.2737550815471675e-59,-18.01110964645653,True,-0.689175957421589,683,Occipital,R
b'17Networks_LH_DefaultB_IPL_1',Wang_b'17Networks_LH_DefaultB_IPL_1',b'17Networks_LH_DefaultB_IPL_1',0.0,,,False,,391,Frontal,L
b'17Networks_LH_DefaultB_PFCd_4',Wang_b'17Networks_LH_DefaultB_PFCd_4',b'17Networks_LH_DefaultB_PFCd_4',0.0,,,False,,686,Frontal,L
b'17Networks_LH_SalVentAttnB_Ins_1',Wang_b'17Networks_LH_SalVentAttnB_Ins_1',b'17Networks_LH_SalVentAttnB_Ins_1',0.0,,,False,,469,Insular,L
b'17Networks_RH_DorsAttnA_SPL_2',Wang_b'17Networks_RH_DorsAttnA_SPL_2',b'17Networks_RH_DorsAttnA_SPL_2',-2.4581171259244794,4.645898975191794e-174,-46.07184626843361,True,-2.150449625469592,459,Temporal,R
b'17Networks_RH_DefaultA_IPL_1',Wang_b'17Networks_RH_DefaultA_IPL_1',b'17Networks_RH_DefaultA_IPL_1',0.0,,,False,,855,Frontal,R
b'17Networks_LH_ContA_PFCl_1',Wang_b'17Networks_LH_ContA_PFCl_1',b'17Networks_LH_ContA_PFCl_1',0.0082611054353596,0.3654763626069455,0.9054765754076375,False,0.031448501350105754,829,Frontal,L
b'17Networks_RH_VisCent_ExStr_3',Wang_b'17Networks_RH_VisCent_ExStr_3',b'17Networks_RH_VisCent_ExStr_3',-0.7606389703630508,6.822780604562717e-61,-17.61666379210611,True,-0.5497160842520407,1027,Occipital,R
b'17Networks_RH_LimbicB_OFC_3',Wang_b'17Networks_RH_LimbicB_OFC_3',b'17Networks_RH_LimbicB_OFC_3',0.0,,,False,,990,Frontal,R
b'17Networks_LH_ContC_Cingp_1',Wang_b'17Networks_LH_ContC_Cingp_1',b'17Networks_LH_ContC_Cingp_1',0.0,,,False,,208,Frontal,L
b'17Networks_LH_ContA_Cingm_1',Wang_b'17Networks_LH_ContA_Cingm_1',b'17Networks_LH_ContA_Cingm_1',-1.965678757806394,1.2519185802087737e-29,-13.956737120701813,True,-1.0898380699151773,164,Frontal,L
b'17Networks_RH_ContA_IPS_1',Wang_b'17Networks_RH_ContA_IPS_1',b'17Networks_RH_ContA_IPS_1',-0.052414707889406255,0.00026812715428553807,-3.6615999817887213,True,-0.13317110381901381,756,Frontal,R
b'17Networks_RH_VisCent_ExStr_1',Wang_b'17Networks_RH_VisCent_ExStr_1',b'17Networks_RH_VisCent_ExStr_1',-2.4044573945674412,3.5514373498733145e-298,-49.2254171618609,True,-1.371612624461897,1288,Occipital,R
b'17Networks_LH_DefaultC_PHC_1',Wang_b'17Networks_LH_DefaultC_PHC_1',b'17Networks_LH_DefaultC_PHC_1',-2.2534685781362187,2.573315121426908e-131,-30.717435002290323,True,-1.1677016684879298,692,Frontal,L
b'17Networks_LH_DefaultB_Temp_2',Wang_b'17Networks_LH_DefaultB_Temp_2',b'17Networks_LH_DefaultB_Temp_2',-0.03332387210408704,0.0047002424761570846,-2.835100980019075,True,-0.10170868111062449,777,Frontal,L
b'17Networks_RH_SalVentAttnB_PFCl_1',Wang_b'17Networks_RH_SalVentAttnB_PFCl_1',b'17Networks_RH_SalVentAttnB_PFCl_1',-0.43895305588719785,2.1813021366175116e-285,-51.28757632268369,True,-1.6003941472457848,1027,Frontal,R
b'17Networks_RH_VisPeri_ExStrInf_1',Wang_b'17Networks_RH_VisPeri_ExStrInf_1',b'17Networks_RH_VisPeri_ExStrInf_1',-1.3901967483446271,1.7576542142666411e-81,-22.119128029902495,True,-0.8616388950351282,659,Occipital,R
b'17Networks_LH_SalVentAttnA_FrOper_1',Wang_b'17Networks_LH_SalVentAttnA_FrOper_1',b'17Networks_LH_SalVentAttnA_FrOper_1',0.0,,,False,,292,Frontal,L
b'17Networks_LH_DorsAttnB_PostC_1',Wang_b'17Networks_LH_DorsAttnB_PostC_1',b'17Networks_LH_DorsAttnB_PostC_1',-1.6424935147092052,3.1109470701930217e-75,-21.74455357777757,True,-0.9481075911343683,526,Temporal,L
b'17Networks_RH_ContA_IPS_2',Wang_b'17Networks_RH_ContA_IPS_2',b'17Networks_RH_ContA_IPS_2',0.0,,,False,,453,Frontal,R
b'17Networks_LH_DefaultB_Temp_4',Wang_b'17Networks_LH_DefaultB_Temp_4',b'17Networks_LH_DefaultB_Temp_4',0.0,,,False,,787,Frontal,L
b'17Networks_LH_DefaultA_PFCm_1',Wang_b'17Networks_LH_DefaultA_PFCm_1',b'17Networks_LH_DefaultA_PFCm_1',-0.10637454225935265,3.837096967194978e-06,-4.666844703283528,True,-0.19774055633684473,557,Frontal,L
b'17Networks_RH_SomMotA_11',Wang_b'17Networks_RH_SomMotA_11',b'17Networks_RH_SomMotA_11',0.02375951658414534,0.15772332963723712,1.4170673226708106,False,0.08998386497350644,248,Somatomotor,R
b'17Networks_RH_VisPeri_ExStrSup_3',Wang_b'17Networks_RH_VisPeri_ExStrSup_3',b'17Networks_RH_VisPeri_ExStrSup_3',-1.5521361466775798,1.9745201307751757e-59,-18.910990718508312,True,-0.8807726468476076,461,Occipital,R
b'17Networks_RH_LimbicA_TempPole_4',Wang_b'17Networks_RH_LimbicA_TempPole_4',b'17Networks_RH_LimbicA_TempPole_4',-2.09155530713301,2.655137291277963e-155,-33.673111668646996,True,-1.1920152316950254,798,Temporal,R
b'17Networks_RH_VisCent_ExStr_2',Wang_b'17Networks_RH_VisCent_ExStr_2',b'17Networks_RH_VisCent_ExStr_2',-3.91231811457009,2.226149799593308e-260,-56.66874661117414,True,-2.1667836818879045,684,Occipital,R
b'17Networks_LH_SomMotA_2',Wang_b'17Networks_LH_SomMotA_2',b'17Networks_LH_SomMotA_2',-0.9045894940988352,5.977274520403753e-48,-16.54312753374077,True,-0.7959315945702952,432,Somatomotor,L
b'17Networks_RH_LimbicA_TempPole_1',Wang_b'17Networks_RH_LimbicA_TempPole_1',b'17Networks_RH_LimbicA_TempPole_1',-3.7046454988627975,0.0,-122.47192740186607,True,-3.62095844166992,1144,Temporal,R
b'17Networks_LH_SalVentAttnA_FrMed_2',Wang_b'17Networks_LH_SalVentAttnA_FrMed_2',b'17Networks_LH_SalVentAttnA_FrMed_2',-0.01604995213793309,0.08328475866640253,-1.7352546770892017,False,-0.07580495253564375,524,Frontal,L
b'17Networks_LH_DorsAttnA_ParOcc_1',Wang_b'17Networks_LH_DorsAttnA_ParOcc_1',b'17Networks_LH_DorsAttnA_ParOcc_1',-0.30099181114945356,7.374563523455423e-17,-8.552560791349205,True,-0.3207460889427097,711,Parietal,L
b'17Networks_LH_DefaultB_PFCv_1',Wang_b'17Networks_LH_DefaultB_PFCv_1',b'17Networks_LH_DefaultB_PFCv_1',-0.33705587001577303,6.504486700365844e-16,-8.31432593966088,True,-0.34375507040466957,585,Frontal,L
b'17Networks_RH_SomMotA_9',Wang_b'17Networks_RH_SomMotA_9',b'17Networks_RH_SomMotA_9',-0.13217933251772676,5.957044601473715e-05,-4.060907102476137,True,-0.20970434104513994,375,Somatomotor,R
b'17Networks_RH_DefaultA_PFCm_3',Wang_b'17Networks_RH_DefaultA_PFCm_3',b'17Networks_RH_DefaultA_PFCm_3',-0.13136040777810673,6.3898518664189856e-15,-7.880090074411324,True,-0.20722733185646922,1446,Frontal,R
b'17Networks_RH_SalVentAttnA_Ins_1',Wang_b'17Networks_RH_SalVentAttnA_Ins_1',b'17Networks_RH_SalVentAttnA_Ins_1',-0.8363203947248546,1.1008683061395353e-19,-9.62159580497495,True,-0.5022432127765794,367,Insular,R
b'17Networks_RH_DorsAttnB_PostC_3',Wang_b'17Networks_RH_DorsAttnB_PostC_3',b'17Networks_RH_DorsAttnB_PostC_3',-2.37561874760409,7.596504369884714e-176,-38.091040212779184,True,-1.4069246717747592,733,Temporal,R
b'17Networks_RH_VisPeri_ExStrSup_1',Wang_b'17Networks_RH_VisPeri_ExStrSup_1',b'17Networks_RH_VisPeri_ExStrSup_1',-0.1286826679279915,9.645043706706155e-05,-3.9408796179731986,True,-0.20084582290938235,385,Occipital,R
b'17Networks_RH_SalVentAttnA_Ins_2',Wang_b'17Networks_RH_SalVentAttnA_Ins_2',b'17Networks_RH_SalVentAttnA_Ins_2',-1.6636574087348408,1.2098138405288618e-114,-27.31953389900515,True,-0.996240894976207,752,Insular,R
b'17Networks_RH_SomMotB_Aud_2',Wang_b'17Networks_RH_SomMotB_Aud_2',b'17Networks_RH_SomMotB_Aud_2',0.0,,,False,,530,Somatomotor,R
b'17Networks_RH_LimbicB_OFC_1',Wang_b'17Networks_RH_LimbicB_OFC_1',b'17Networks_RH_LimbicB_OFC_1',0.0,,,False,,854,Frontal,R
b'17Networks_RH_DefaultA_PFCd_1',Wang_b'17Networks_RH_DefaultA_PFCd_1',b'17Networks_RH_DefaultA_PFCd_1',-0.4621803936841158,6.315671181886197e-29,-11.84825275221948,True,-0.5112898453154286,537,Frontal,R
b'17Networks_RH_LimbicB_OFC_4',Wang_b'17Networks_RH_LimbicB_OFC_4',b'17Networks_RH_LimbicB_OFC_4',-0.005115782355184793,0.3269402742412616,-0.9809026756801179,False,-0.03483287534047053,793,Frontal,R
b'17Networks_RH_SalVentAttnB_PFClv_1',Wang_b'17Networks_RH_SalVentAttnB_PFClv_1',b'17Networks_RH_SalVentAttnB_PFClv_1',0.4136735978857939,3.0443533270443054e-71,19.3392473881065,True,0.604942533812626,1022,Frontal,R
b'17Networks_LH_DefaultB_PFCv_3',Wang_b'17Networks_LH_DefaultB_PFCv_3',b'17Networks_LH_DefaultB_PFCv_3',0.0,,,False,,438,Frontal,L
b'17Networks_RH_SomMotA_5',Wang_b'17Networks_RH_SomMotA_5',b'17Networks_RH_SomMotA_5',0.0,,,False,,276,Somatomotor,R
b'17Networks_LH_DorsAttnA_TempOcc_2',Wang_b'17Networks_LH_DorsAttnA_TempOcc_2',b'17Networks_LH_DorsAttnA_TempOcc_2',-3.13298207743734,1.2011849725946997e-225,-47.64194468253308,True,-1.7669419230604102,727,Temporal,L
b'17Networks_LH_ContB_Temp_1',Wang_b'17Networks_LH_ContB_Temp_1',b'17Networks_LH_ContB_Temp_1',-0.2227278770041745,8.749624321336804e-12,-6.944276137203266,True,-0.263222107684273,696,Frontal,L
b'17Networks_LH_DefaultA_PFCd_1',Wang_b'17Networks_LH_DefaultA_PFCd_1',b'17Networks_LH_DefaultA_PFCd_1',-0.20664738591291082,5.640155163693689e-14,-7.643598305760909,True,-0.26049313339003344,861,Frontal,L
b'17Networks_RH_LimbicB_OFC_2',Wang_b'17Networks_RH_LimbicB_OFC_2',b'17Networks_RH_LimbicB_OFC_2',-0.15355865351871018,1.3441578192754222e-08,-5.7449935970579595,True,-0.21133300566436672,739,Frontal,R
b'17Networks_RH_ContA_PFCl_1',Wang_b'17Networks_RH_ContA_PFCl_1',b'17Networks_RH_ContA_PFCl_1',0.0,,,False,,823,Frontal,R
b'17Networks_RH_SomMotB_Cent_1',Wang_b'17Networks_RH_SomMotB_Cent_1',b'17Networks_RH_SomMotB_Cent_1',-1.171141588778704,5.352844900709676e-71,-19.826888496177187,True,-0.714047947541063,771,Somatomotor,R
b'17Networks_RH_ContA_PFCl_2',Wang_b'17Networks_RH_ContA_PFCl_2',b'17Networks_RH_ContA_PFCl_2',0.8133626341663652,3.3865573814384017e-65,18.266561682732096,True,0.5545515693331159,1085,Frontal,R
b'17Networks_RH_LimbicA_TempPole_3',Wang_b'17Networks_RH_LimbicA_TempPole_3',b'17Networks_RH_LimbicA_TempPole_3',-1.7674212132862341,4.204762912175514e-100,-26.533902785948808,True,-1.1376316965247737,544,Temporal,R
b'17Networks_LH_TempPar_2',Wang_b'17Networks_LH_TempPar_2',b'17Networks_LH_TempPar_2',0.0,,,False,,547,Other,L
b'17Networks_LH_VisCent_ExStr_3',Wang_b'17Networks_LH_VisCent_ExStr_3',b'17Networks_LH_VisCent_ExStr_3',-1.2139356947496025,2.646579074011068e-168,-35.9014435160963,True,-1.274897640249626,793,Occipital,L
b'17Networks_LH_DorsAttnB_PostC_4',Wang_b'17Networks_LH_DorsAttnB_PostC_4',b'17Networks_LH_DorsAttnB_PostC_4',-0.09384771349392582,1.9453678380375008e-05,-4.304009320411541,True,-0.17161208998192432,629,Temporal,L
b'17Networks_LH_ContC_pCun_2',Wang_b'17Networks_LH_ContC_pCun_2',b'17Networks_LH_ContC_pCun_2',-2.38425124358985,1.9084711903026844e-159,-36.2853297317924,True,-1.410269388754986,662,Frontal,L
b'17Networks_LH_DefaultA_pCunPCC_3',Wang_b'17Networks_LH_DefaultA_pCunPCC_3',b'17Networks_LH_DefaultA_pCunPCC_3',0.0,,,False,,588,Frontal,L
b'17Networks_RH_SomMotA_10',Wang_b'17Networks_RH_SomMotA_10',b'17Networks_RH_SomMotA_10',-0.008228349581009415,0.15745035722029135,-1.4152341589211341,False,-0.053799130316385564,692,Somatomotor,R
b'17Networks_LH_LimbicA_TempPole_4',Wang_b'17Networks_LH_LimbicA_TempPole_4',b'17Networks_LH_LimbicA_TempPole_4',-0.3354117127199341,2.1073386923173014e-09,-6.1421915984323805,True,-0.3193173361519401,370,Temporal,L
b'17Networks_RH_DorsAttnA_SPL_4',Wang_b'17Networks_RH_DorsAttnA_SPL_4',b'17Networks_RH_DorsAttnA_SPL_4',-0.31868811968862043,8.008959875105869e-23,-10.122559421040966,True,-0.3461842277894554,855,Temporal,R
b'17Networks_RH_ContC_Cingp_1',Wang_b'17Networks_RH_ContC_Cingp_1',b'17Networks_RH_ContC_Cingp_1',-0.11594151678053091,0.0002895707891978101,-3.6625975506670105,True,-0.1986322408679208,340,Frontal,R
b'17Networks_LH_SalVentAttnA_FrMed_1',Wang_b'17Networks_LH_SalVentAttnA_FrMed_1',b'17Networks_LH_SalVentAttnA_FrMed_1',-2.557356930881145,1.0566443442554572e-217,-44.74383869186176,True,-1.6000364049899867,782,Frontal,L
b'17Networks_LH_LimbicB_OFC_1',Wang_b'17Networks_LH_LimbicB_OFC_1',b'17Networks_LH_LimbicB_OFC_1',-0.05862510580665742,0.002638961807876225,-3.0213492586203685,True,-0.13161204087309603,527,Frontal,L
b'17Networks_LH_ContA_PFCl_3',Wang_b'17Networks_LH_ContA_PFCl_3',b'17Networks_LH_ContA_PFCl_3',-0.017153379512178796,0.04548120405948128,-2.00391557456083,True,-0.07736030272758453,671,Frontal,L
b'17Networks_LH_DefaultB_PFCd_1',Wang_b'17Networks_LH_DefaultB_PFCd_1',b'17Networks_LH_DefaultB_PFCd_1',-0.19712318969863288,2.647182513408756e-16,-8.327757674447469,True,-0.26139366511430673,1015,Frontal,L
b'17Networks_LH_SomMotB_Aud_2',Wang_b'17Networks_LH_SomMotB_Aud_2',b'17Networks_LH_SomMotB_Aud_2',-0.10646065519107313,3.31090809132351e-08,-5.579577722015524,True,-0.19813661442882397,793,Somatomotor,L
b'17Networks_RH_SomMotB_S2_3',Wang_b'17Networks_RH_SomMotB_S2_3',b'17Networks_RH_SomMotB_S2_3',0.0,,,False,,279,Somatomotor,R
b'17Networks_RH_TempPar_3',Wang_b'17Networks_RH_TempPar_3',b'17Networks_RH_TempPar_3',0.0,,,False,,491,Other,R
b'17Networks_LH_DorsAttnB_PostC_2',Wang_b'17Networks_LH_DorsAttnB_PostC_2',b'17Networks_LH_DorsAttnB_PostC_2',-0.047920694725539524,0.01420341496063906,-2.4626830293950266,True,-0.12192097753429194,408,Temporal,L
b'17Networks_RH_VisPeri_ExStrInf_2',Wang_b'17Networks_RH_VisPeri_ExStrInf_2',b'17Networks_RH_VisPeri_ExStrInf_2',-0.12400913056865943,5.543980941628948e-05,-4.0781429924865265,True,-0.21003504991804778,377,Occipital,R
b'17Networks_LH_SomMotB_Cent_2',Wang_b'17Networks_LH_SomMotB_Cent_2',b'17Networks_LH_SomMotB_Cent_2',-0.26304750822984646,2.3424199251508827e-11,-6.830385564343584,True,-0.2972543770786419,528,Somatomotor,L
b'17Networks_LH_DefaultA_pCunPCC_2',Wang_b'17Networks_LH_DefaultA_pCunPCC_2',b'17Networks_LH_DefaultA_pCunPCC_2',-0.05683358845740082,0.004635388246254413,-2.8463215366673413,True,-0.13742169874855223,429,Frontal,L
b'17Networks_RH_VisCent_Striate_1',Wang_b'17Networks_RH_VisCent_Striate_1',b'17Networks_RH_VisCent_Striate_1',-0.3606418591170348,2.1220428531215273e-25,-10.708930494897752,True,-0.33983763723626503,993,Occipital,R
b'17Networks_LH_SomMotA_7',Wang_b'17Networks_LH_SomMotA_7',b'17Networks_LH_SomMotA_7',-0.04648325356473039,3.6423318572496975e-05,-4.146242020326879,True,-0.1255860496369593,1090,Somatomotor,L
b'17Networks_LH_SomMotA_4',Wang_b'17Networks_LH_SomMotA_4',b'17Networks_LH_SomMotA_4',-0.1718672819740874,1.554948719510699e-09,-6.13128074810881,True,-0.24643698009209966,619,Somatomotor,L
b'17Networks_LH_LimbicA_TempPole_1',Wang_b'17Networks_LH_LimbicA_TempPole_1',b'17Networks_LH_LimbicA_TempPole_1',-1.1411034468250367,5.558500722805399e-217,-42.60751533054608,True,-1.4282071587702554,890,Temporal,L
b'17Networks_RH_SomMotB_Aud_1',Wang_b'17Networks_RH_SomMotB_Aud_1',b'17Networks_RH_SomMotB_Aud_1',-0.1163349945063625,1.4094762958253202e-06,-4.872785017252037,True,-0.19859989086541324,602,Somatomotor,R
b'17Networks_RH_DefaultC_IPL_1',Wang_b'17Networks_RH_DefaultC_IPL_1',b'17Networks_RH_DefaultC_IPL_1',0.0,,,False,,791,Frontal,R
b'17Networks_LH_SomMotA_6',Wang_b'17Networks_LH_SomMotA_6',b'17Networks_LH_SomMotA_6',-0.026935463156278483,0.02535429631672417,-2.2421655686464175,True,-0.09622053434050647,543,Somatomotor,L
b'17Networks_LH_VisPeri_ExStrInf_2',Wang_b'17Networks_LH_VisPeri_ExStrInf_2',b'17Networks_LH_VisPeri_ExStrInf_2',-0.6054930235349877,3.3060886579052787e-21,-9.882065927154132,True,-0.43461276254029013,517,Occipital,L
b'17Networks_LH_DefaultA_PFCm_2',Wang_b'17Networks_LH_DefaultA_PFCm_2',b'17Networks_LH_DefaultA_PFCm_2',-0.010344140720185697,0.050880600996584716,-1.9546387883347842,False,-0.05912299578209528,1093,Frontal,L
b'17Networks_RH_ContA_Cingm_1',Wang_b'17Networks_RH_ContA_Cingm_1',b'17Networks_RH_ContA_Cingm_1',-2.744908227282736,1.570766260410991e-57,-22.424508887228008,True,-1.5474381268242587,210,Frontal,R
b'17Networks_LH_DefaultB_Temp_3',Wang_b'17Networks_LH_DefaultB_Temp_3',b'17Networks_LH_DefaultB_Temp_3',-0.22511244982672526,5.166346584862675e-15,-7.953890013538637,True,-0.25915174043923644,942,Frontal,L
b'17Networks_RH_VisCent_ExStr_5',Wang_b'17Networks_RH_VisCent_ExStr_5',b'17Networks_RH_VisCent_ExStr_5',-0.33221042220404734,6.399954358860468e-29,-11.45917211614097,True,-0.33107381519529067,1198,Occipital,R
b'17Networks_RH_DefaultB_PFCd_1',Wang_b'17Networks_RH_DefaultB_PFCd_1',b'17Networks_RH_DefaultB_PFCd_1',-0.8167816084349246,1.624580224089232e-72,-19.702917004619543,True,-0.6450445438484756,933,Frontal,R
b'17Networks_RH_ContB_PFCld_2',Wang_b'17Networks_RH_ContB_PFCld_2',b'17Networks_RH_ContB_PFCld_2',1.4231210368222178,6.07877033162027e-128,27.606739613018732,True,0.8312417782937627,1103,Frontal,R
b'17Networks_LH_DorsAttnA_TempOcc_1',Wang_b'17Networks_LH_DorsAttnA_TempOcc_1',b'17Networks_LH_DorsAttnA_TempOcc_1',-4.155952193340654,0.0,-92.19410884798272,True,-2.6139241462487375,1244,Temporal,L
b'17Networks_RH_ContB_Temp_2',Wang_b'17Networks_RH_ContB_Temp_2',b'17Networks_RH_ContB_Temp_2',-0.5746264697833344,2.808957063163632e-29,-11.725231778075946,True,-0.42729119960020184,753,Frontal,R
b'17Networks_RH_SalVentAttnA_ParOper_1',Wang_b'17Networks_RH_SalVentAttnA_ParOper_1',b'17Networks_RH_SalVentAttnA_ParOper_1',-0.0032259472046410444,0.3175648791603115,-1.0000000000000002,False,-0.03241018617760822,952,Frontal,R
b'17Networks_RH_TempPar_2',Wang_b'17Networks_RH_TempPar_2',b'17Networks_RH_TempPar_2',-0.0854896151710974,0.00016725723373724554,-3.794924455072233,True,-0.17598540762884557,465,Other,R
b'17Networks_RH_VisPeri_StriCal_1',Wang_b'17Networks_RH_VisPeri_StriCal_1',b'17Networks_RH_VisPeri_StriCal_1',-3.9267380726826553,2.746306813158553e-284,-58.72280865294735,True,-2.1315029170121833,759,Occipital,R
b'17Networks_LH_SomMotB_S2_3',Wang_b'17Networks_LH_SomMotB_S2_3',b'17Networks_LH_SomMotB_S2_3',0.0,,,False,,386,Somatomotor,L
b'17Networks_RH_SalVentAttnA_FrOper_1',Wang_b'17Networks_RH_SalVentAttnA_FrOper_1',b'17Networks_RH_SalVentAttnA_FrOper_1',-0.026130056330673192,0.004669213273364585,-2.8361902587024934,True,-0.09506931346943313,890,Frontal,R
b'17Networks_LH_ContA_IPS_2',Wang_b'17Networks_LH_ContA_IPS_2',b'17Networks_LH_ContA_IPS_2',0.0,,,False,,430,Frontal,L
b'17Networks_RH_ContB_PFCmp_1',Wang_b'17Networks_RH_ContB_PFCmp_1',b'17Networks_RH_ContB_PFCmp_1',-0.3620948655603725,3.062620200148895e-23,-10.238965894101629,True,-0.3566912785313248,824,Frontal,R
b'17Networks_LH_SomMotA_3',Wang_b'17Networks_LH_SomMotA_3',b'17Networks_LH_SomMotA_3',-1.1455215332409754,1.385404911543273e-66,-19.877675981069363,True,-0.849132234601957,548,Somatomotor,L
b'17Networks_LH_ContA_IPS_1',Wang_b'17Networks_LH_ContA_IPS_1',b'17Networks_LH_ContA_IPS_1',-0.2806832319561441,2.1075388547681693e-13,-7.500639811024169,True,-0.2948805788059123,647,Frontal,L
b'17Networks_RH_ContB_IPL_1',Wang_b'17Networks_RH_ContB_IPL_1',b'17Networks_RH_ContB_IPL_1',0.0,,,False,,689,Frontal,R
b'17Networks_RH_ContB_Temp_1',Wang_b'17Networks_RH_ContB_Temp_1',b'17Networks_RH_ContB_Temp_1',-0.436379235473789,1.2612567012324087e-34,-12.69564252843044,True,-0.37700590989161237,1134,Frontal,R
b'17Networks_LH_VisPeri_ExStrInf_1',Wang_b'17Networks_LH_VisPeri_ExStrInf_1',b'17Networks_LH_VisPeri_ExStrInf_1',-1.9345431703782885,8.38406696713203e-99,-26.264132499830403,True,-1.1250318290858417,545,Occipital,L
b'17Networks_RH_SomMotB_S2_4',Wang_b'17Networks_RH_SomMotB_S2_4',b'17Networks_RH_SomMotB_S2_4',0.0,,,False,,294,Somatomotor,R
b'17Networks_LH_DorsAttnB_FEF_1',Wang_b'17Networks_LH_DorsAttnB_FEF_1',b'17Networks_LH_DorsAttnB_FEF_1',-2.140929844350297,1.7908783719411064e-146,-32.71297293615263,True,-1.1945088800124535,750,Temporal,L
b'17Networks_LH_SomMotA_1',Wang_b'17Networks_LH_SomMotA_1',b'17Networks_LH_SomMotA_1',-0.5557935283079014,1.221259615524099e-25,-11.023658680350872,True,-0.4726354666935277,544,Somatomotor,L
b'17Networks_LH_SomMotB_S2_2',Wang_b'17Networks_LH_SomMotB_S2_2',b'17Networks_LH_SomMotB_S2_2',0.0,,,False,,648,Somatomotor,L
b'17Networks_LH_LimbicB_OFC_2',Wang_b'17Networks_LH_LimbicB_OFC_2',b'17Networks_LH_LimbicB_OFC_2',0.0,,,False,,1329,Frontal,L
b'17Networks_RH_SalVentAttnA_FrMed_1',Wang_b'17Networks_RH_SalVentAttnA_FrMed_1',b'17Networks_RH_SalVentAttnA_FrMed_1',-4.234615975884507,0.0,-99.6089547719581,True,-3.694291643038849,727,Frontal,R
b'17Networks_LH_DefaultA_pCunPCC_1',Wang_b'17Networks_LH_DefaultA_pCunPCC_1',b'17Networks_LH_DefaultA_pCunPCC_1',0.5156396747998959,5.624370182581708e-29,11.692120663546499,True,0.441290656926039,702,Frontal,L
b'17Networks_RH_DorsAttnA_ParOcc_1',Wang_b'17Networks_RH_DorsAttnA_ParOcc_1',b'17Networks_RH_DorsAttnA_ParOcc_1',-0.195995525925958,2.927971797417238e-14,-7.717760280822622,True,-0.24729299050772527,974,Parietal,R
b'17Networks_LH_ContA_PFCd_1',Wang_b'17Networks_LH_ContA_PFCd_1',b'17Networks_LH_ContA_PFCd_1',-0.4673044734826631,1.4532927260634301e-22,-10.191798753742352,True,-0.4210193258735486,586,Frontal,L
b'17Networks_LH_VisPeri_ExStrSup_2',Wang_b'17Networks_LH_VisPeri_ExStrSup_2',b'17Networks_LH_VisPeri_ExStrSup_2',-2.972194619082921,0.0,-58.746470661942254,True,-1.7414485554800396,1138,Occipital,L
b'17Networks_LH_DefaultC_Rsp_1',Wang_b'17Networks_LH_DefaultC_Rsp_1',b'17Networks_LH_DefaultC_Rsp_1',-0.1136996470834147,4.1071446335745985e-05,-4.135582939481604,True,-0.1781321675279941,539,Frontal,L
b'17Networks_LH_ContA_IPS_3',Wang_b'17Networks_LH_ContA_IPS_3',b'17Networks_LH_ContA_IPS_3',-0.04618098720303969,0.020036460225254998,-2.3348541128871143,True,-0.11559250315420794,408,Frontal,L
b'17Networks_LH_VisPeri_ExStrInf_3',Wang_b'17Networks_LH_VisPeri_ExStrInf_3',b'17Networks_LH_VisPeri_ExStrInf_3',-0.03463039308985556,0.15798561547140397,-1.418431812529384,False,-0.11110015397589992,163,Occipital,L
b'17Networks_LH_ContB_PFClv_2',Wang_b'17Networks_LH_ContB_PFClv_2',b'17Networks_LH_ContB_PFClv_2',0.2455036545542397,2.359374320771767e-28,11.528076726534676,True,0.42755269954039415,727,Frontal,L
b'17Networks_LH_DefaultB_Temp_1',Wang_b'17Networks_LH_DefaultB_Temp_1',b'17Networks_LH_DefaultB_Temp_1',-3.1951888671632878,0.0,-74.49686152100062,True,-2.1181325144596004,1237,Frontal,L
b'17Networks_LH_SomMotA_8',Wang_b'17Networks_LH_SomMotA_8',b'17Networks_LH_SomMotA_8',0.0,,,False,,290,Somatomotor,L
b'17Networks_RH_DefaultB_PFCv_1',Wang_b'17Networks_RH_DefaultB_PFCv_1',b'17Networks_RH_DefaultB_PFCv_1',0.0,,,False,,1043,Frontal,R
b'17Networks_LH_ContA_PFClv_1',Wang_b'17Networks_LH_ContA_PFClv_1',b'17Networks_LH_ContA_PFClv_1',0.06435544806916045,0.0040855406978263864,2.8767610501374303,True,0.08104356137869748,1260,Frontal,L
b'17Networks_RH_DorsAttnB_PostC_1',Wang_b'17Networks_RH_DorsAttnB_PostC_1',b'17Networks_RH_DorsAttnB_PostC_1',-1.524664099550695,6.346041774361614e-47,-16.626044614689086,True,-0.8562848622570579,377,Temporal,R
b'17Networks_LH_SalVentAttnA_ParOper_1',Wang_b'17Networks_LH_SalVentAttnA_ParOper_1',b'17Networks_LH_SalVentAttnA_ParOper_1',-0.8944538840259344,5.483592987600447e-50,-16.138421921174476,True,-0.6121652361995801,695,Frontal,L
b'17Networks_RH_ContB_PFClv_1',Wang_b'17Networks_RH_ContB_PFClv_1',b'17Networks_RH_ContB_PFClv_1',-0.17961705696287453,4.8060962360756525e-15,-7.957481454540581,True,-0.253417835781637,986,Frontal,R
b'17Networks_RH_DefaultC_PHC_1',Wang_b'17Networks_RH_DefaultC_PHC_1',b'17Networks_RH_DefaultC_PHC_1',-1.8743438828048262,3.221912686703759e-124,-29.626067545730095,True,-1.1394641363742342,676,Frontal,R
b'17Networks_RH_LimbicA_TempPole_2',Wang_b'17Networks_RH_LimbicA_TempPole_2',b'17Networks_RH_LimbicA_TempPole_2',-2.180270337392662,8.038530317338901e-275,-47.90426721170583,True,-1.421297641901742,1136,Temporal,R
b'17Networks_LH_LimbicA_TempPole_3',Wang_b'17Networks_LH_LimbicA_TempPole_3',b'17Networks_LH_LimbicA_TempPole_3',-2.4783301650501337,9.103542505383224e-217,-49.76776031425487,True,-2.015037715425061,610,Temporal,L
b'17Networks_RH_SomMotA_2',Wang_b'17Networks_RH_SomMotA_2',b'17Networks_RH_SomMotA_2',-0.5521495426985493,7.135021196077356e-18,-9.036172402669855,True,-0.4523744420460466,399,Somatomotor,R
b'17Networks_RH_SomMotA_6',Wang_b'17Networks_RH_SomMotA_6',b'17Networks_RH_SomMotA_6',0.010874104971496415,0.15751236849112163,1.4155008671401066,False,0.06160176823875185,528,Somatomotor,R
b'17Networks_RH_SomMotA_7',Wang_b'17Networks_RH_SomMotA_7',b'17Networks_RH_SomMotA_7',0.23701774392207564,1.056033161284871e-06,4.990796591047734,True,0.2971976120601122,282,Somatomotor,R
b'17Networks_LH_DefaultB_PFCd_3',Wang_b'17Networks_LH_DefaultB_PFCd_3',b'17Networks_LH_DefaultB_PFCd_3',-0.696930194501053,9.34426577490166e-40,-14.081496617900775,True,-0.5364622963037725,689,Frontal,L
b'17Networks_RH_SomMotB_S2_2',Wang_b'17Networks_RH_SomMotB_S2_2',b'17Networks_RH_SomMotB_S2_2',0.0,,,False,,398,Somatomotor,R
b'17Networks_RH_TempPar_4',Wang_b'17Networks_RH_TempPar_4',b'17Networks_RH_TempPar_4',0.0,,,False,,392,Other,R
b'17Networks_LH_SomMotB_Aud_1',Wang_b'17Networks_LH_SomMotB_Aud_1',b'17Networks_LH_SomMotB_Aud_1',-0.2882513712982678,3.575493877764557e-15,-8.082861964508872,True,-0.3319233579868122,593,Somatomotor,L
b'17Networks_LH_VisPeri_ExStrSup_1',Wang_b'17Networks_LH_VisPeri_ExStrSup_1',b'17Networks_LH_VisPeri_ExStrSup_1',-3.1738418218306674,6.010997701810368e-108,-33.060595815514034,True,-1.7956050866950517,339,Occipital,L
b'17Networks_LH_DorsAttnA_SPL_1',Wang_b'17Networks_LH_DorsAttnA_SPL_1',b'17Networks_LH_DorsAttnA_SPL_1',-2.1623377543442137,1.6402029560443511e-111,-28.482589333904627,True,-1.1940522601362475,569,Temporal,L
b'17Networks_RH_ContC_pCun_1',Wang_b'17Networks_RH_ContC_pCun_1',b'17Networks_RH_ContC_pCun_1',-0.36779647624506456,1.7157104361827014e-12,-7.247968412968352,True,-0.331514358838154,478,Frontal,R
b'17Networks_RH_VisCent_ExStr_4',Wang_b'17Networks_RH_VisCent_ExStr_4',b'17Networks_RH_VisCent_ExStr_4',-0.027407222125699484,0.014498004111175414,-2.450976560985629,True,-0.09399066053807545,680,Occipital,R
b'17Networks_LH_SalVentAttnA_Ins_1',Wang_b'17Networks_LH_SalVentAttnA_Ins_1',b'17Networks_LH_SalVentAttnA_Ins_1',-0.7056522896644886,9.547667659104714e-44,-14.878877662018269,True,-0.5599739477971113,706,Insular,L
b'17Networks_RH_SomMotA_3',Wang_b'17Networks_RH_SomMotA_3',b'17Networks_RH_SomMotA_3',-0.6384535155104574,1.1744747807694691e-24,-10.865831675565458,True,-0.5038908782742584,465,Somatomotor,R
b'17Networks_RH_SomMotB_S2_1',Wang_b'17Networks_RH_SomMotB_S2_1',b'17Networks_RH_SomMotB_S2_1',0.0,,,False,,382,Somatomotor,R
b'17Networks_RH_DorsAttnA_TempOcc_1',Wang_b'17Networks_RH_DorsAttnA_TempOcc_1',b'17Networks_RH_DorsAttnA_TempOcc_1',-5.472572518622108,0.0,-138.1704897896873,True,-3.995302870123256,1196,Temporal,R
b'17Networks_LH_ContC_pCun_1',Wang_b'17Networks_LH_ContC_pCun_1',b'17Networks_LH_ContC_pCun_1',-0.31267020301797055,4.879416920399813e-12,-7.072283848454884,True,-0.30807352320267967,527,Frontal,L
b'17Networks_LH_SalVentAttnB_PFCl_1',Wang_b'17Networks_LH_SalVentAttnB_PFCl_1',b'17Networks_LH_SalVentAttnB_PFCl_1',-1.7117394273890634,0.0,-85.0609850943128,True,-2.350145550992762,1310,Frontal,L
b'17Networks_LH_SalVentAttnB_PFCmp_1',Wang_b'17Networks_LH_SalVentAttnB_PFCmp_1',b'17Networks_LH_SalVentAttnB_PFCmp_1',-3.183245318087676,8.762920883213685e-215,-49.42796016288901,True,-2.0062190154198514,607,Frontal,L
b'17Networks_LH_DefaultB_PFCv_2',Wang_b'17Networks_LH_DefaultB_PFCv_2',b'17Networks_LH_DefaultB_PFCv_2',0.0,,,False,,539,Frontal,L
